split,method,seed,goal_success,success_auc,late_success,unsafe_failure,stale_execution,refresh_rate,probe_rate,abstain_rate,total_cost,half_life_error,calibration_error,risk_upper,hazard_score,safety_utility,rows
combined_micro_shift,full_skill_half_life_scheduler_v5,0,0.82188,0.81905,0.82500,0.00625,0.00000,0.15937,0.56875,0.00000,1.10078,0.11792,0.29415,0.27867,0.15367,0.80227,320
combined_micro_shift,full_skill_half_life_scheduler_v5,1,0.81250,0.80952,0.85000,0.00000,0.00000,0.15937,0.58750,0.00000,1.09725,0.12626,0.29957,0.27623,0.15471,0.79888,320
combined_micro_shift,full_skill_half_life_scheduler_v5,2,0.78750,0.78571,0.78750,0.00313,0.00000,0.15937,0.57188,0.00000,1.09842,0.11945,0.31164,0.27708,0.15774,0.77097,320
combined_micro_shift,full_skill_half_life_scheduler_v5,3,0.84375,0.84286,0.83750,0.00313,0.00000,0.16250,0.56250,0.00000,1.09834,0.11897,0.28345,0.27701,0.15461,0.82723,320
combined_micro_shift,full_skill_half_life_scheduler_v5,4,0.80937,0.80635,0.81250,0.00000,0.00000,0.15937,0.57812,0.00000,1.09636,0.12795,0.30182,0.27786,0.15468,0.79588,320
combined_micro_shift,full_skill_half_life_scheduler_v5,5,0.82812,0.83016,0.83750,0.00313,0.00000,0.15625,0.56563,0.00000,1.09702,0.12940,0.28185,0.27547,0.15173,0.81179,320
combined_micro_shift,full_skill_half_life_scheduler_v5,6,0.85313,0.85238,0.86250,0.00000,0.00000,0.15625,0.55625,0.00000,1.09347,0.12890,0.27892,0.27448,0.15598,0.84004,320
combined_micro_shift,full_skill_half_life_scheduler_v5,7,0.80937,0.80952,0.77500,0.00000,0.00000,0.15625,0.57500,0.00000,1.09525,0.12414,0.30223,0.27793,0.15494,0.79604,320
combined_micro_shift,full_skill_half_life_scheduler_v5,8,0.82812,0.82698,0.85000,0.00000,0.00000,0.15937,0.55625,0.00000,1.09428,0.12015,0.29330,0.27682,0.15624,0.81493,320
combined_micro_shift,full_skill_half_life_scheduler_v5,9,0.81250,0.81270,0.78750,0.00625,0.00000,0.16250,0.57188,0.00000,1.10189,0.12435,0.29630,0.27866,0.15233,0.79274,320
combined_micro_shift,minus_per_skill_survival,0,0.81250,0.81111,0.77500,0.00313,0.00000,0.17813,0.56250,0.00000,1.10241,0.13077,0.29992,0.28081,0.15788,0.79541,320
combined_micro_shift,minus_per_skill_survival,1,0.87813,0.87619,0.85000,0.00000,0.00000,0.16875,0.57500,0.00000,1.09850,0.13448,0.26591,0.27967,0.16150,0.86434,320
combined_micro_shift,minus_per_skill_survival,2,0.80937,0.80794,0.81250,0.00000,0.00000,0.16875,0.58750,0.00000,1.09969,0.13324,0.30554,0.27878,0.16107,0.79542,320
combined_micro_shift,minus_per_skill_survival,3,0.80937,0.80794,0.80000,0.00000,0.00000,0.17500,0.55937,0.00000,1.09864,0.13251,0.30399,0.27957,0.15968,0.79557,320
combined_micro_shift,minus_per_skill_survival,4,0.79688,0.79683,0.78750,0.00313,0.00000,0.16875,0.55625,0.00000,1.09937,0.13933,0.31221,0.27979,0.15847,0.78021,320
combined_micro_shift,minus_per_skill_survival,5,0.81875,0.81587,0.83750,0.00625,0.00000,0.16562,0.57500,0.00000,1.10300,0.13548,0.29501,0.28023,0.16114,0.79883,320
combined_micro_shift,minus_per_skill_survival,6,0.83437,0.83492,0.80000,0.00000,0.00000,0.16562,0.56563,0.00000,1.09680,0.13798,0.28996,0.27623,0.15940,0.82082,320
combined_micro_shift,minus_per_skill_survival,7,0.80937,0.80952,0.75000,0.00313,0.00000,0.16875,0.57500,0.00000,1.10116,0.12747,0.30582,0.28049,0.16001,0.79246,320
combined_micro_shift,minus_per_skill_survival,8,0.76562,0.76508,0.76250,0.00625,0.00000,0.17188,0.55937,0.00000,1.10314,0.12955,0.32859,0.27764,0.15786,0.74569,320
combined_micro_shift,minus_per_skill_survival,9,0.80000,0.80159,0.80000,0.00000,0.00000,0.17188,0.57500,0.00000,1.09931,0.13953,0.30786,0.28266,0.16021,0.78610,320
combined_micro_shift,minus_probe_updates,0,0.79063,0.79048,0.75000,0.00313,0.00000,0.18438,0.00000,0.00000,1.05059,0.18382,0.31077,0.27918,0.15472,0.78079,320
combined_micro_shift,minus_probe_updates,1,0.79688,0.79524,0.73750,0.00313,0.00000,0.18438,0.00000,0.00000,1.05059,0.19382,0.30864,0.27683,0.15589,0.78704,320
combined_micro_shift,minus_probe_updates,2,0.82188,0.82381,0.80000,0.00313,0.00000,0.17813,0.00000,0.00000,1.04897,0.19545,0.28687,0.27435,0.15234,0.81227,320
combined_micro_shift,minus_probe_updates,3,0.83125,0.83175,0.80000,0.00313,0.00000,0.18125,0.00000,0.00000,1.04978,0.18287,0.28659,0.27807,0.15675,0.82153,320
combined_micro_shift,minus_probe_updates,4,0.79688,0.79683,0.83750,0.00000,0.00000,0.18438,0.00000,0.00000,1.04794,0.19654,0.30684,0.27877,0.15650,0.79016,320
combined_micro_shift,minus_probe_updates,5,0.74687,0.74921,0.75000,0.00937,0.00000,0.18125,0.00000,0.00000,1.05509,0.19126,0.33651,0.27636,0.15350,0.73091,320
combined_micro_shift,minus_probe_updates,6,0.83750,0.83651,0.80000,0.00625,0.00000,0.17813,0.00000,0.00000,1.05163,0.17815,0.28240,0.27559,0.15822,0.82477,320
combined_micro_shift,minus_probe_updates,7,0.81563,0.81429,0.83750,0.00000,0.00000,0.18438,0.00000,0.00000,1.04794,0.18361,0.29390,0.27932,0.15775,0.80891,320
combined_micro_shift,minus_probe_updates,8,0.85313,0.85238,0.85000,0.00625,0.00000,0.18750,0.00000,0.00000,1.05406,0.19959,0.26994,0.27546,0.15354,0.84006,320
combined_micro_shift,minus_probe_updates,9,0.80937,0.80952,0.87500,0.00625,0.00000,0.18125,0.00000,0.00000,1.05244,0.18456,0.29807,0.28010,0.15522,0.79653,320
combined_micro_shift,minus_hazard_margin,0,0.70937,0.70952,0.61250,0.00625,0.00000,0.09375,0.71875,0.00000,1.09797,0.20169,0.37729,0.30358,0.20328,0.69016,320
combined_micro_shift,minus_hazard_margin,1,0.75938,0.75714,0.76250,0.00937,0.00000,0.08750,0.71562,0.00000,1.09870,0.20928,0.35399,0.30152,0.20507,0.73731,320
combined_micro_shift,minus_hazard_margin,2,0.77187,0.77143,0.70000,0.00625,0.00000,0.09062,0.70625,0.00000,1.09597,0.19705,0.34681,0.30124,0.20590,0.75294,320
combined_micro_shift,minus_hazard_margin,3,0.76562,0.76667,0.73750,0.00625,0.00000,0.09062,0.70000,0.00000,1.09537,0.19588,0.34125,0.30166,0.20373,0.74677,320
combined_micro_shift,minus_hazard_margin,4,0.74375,0.74286,0.71250,0.01250,0.00000,0.09375,0.71250,0.00000,1.10269,0.21234,0.35950,0.30130,0.20135,0.71837,320
combined_micro_shift,minus_hazard_margin,5,0.72813,0.72698,0.62500,0.00937,0.00000,0.09062,0.71875,0.00000,1.09981,0.21697,0.36487,0.30119,0.20296,0.70590,320
combined_micro_shift,minus_hazard_margin,6,0.75313,0.75714,0.65000,0.00000,0.00000,0.09062,0.69375,0.00000,1.08947,0.21717,0.34750,0.29950,0.20581,0.74060,320
combined_micro_shift,minus_hazard_margin,7,0.77500,0.77302,0.80000,0.00625,0.00000,0.09062,0.71562,0.00000,1.09686,0.21313,0.33467,0.30181,0.20251,0.75594,320
combined_micro_shift,minus_hazard_margin,8,0.73750,0.73651,0.70000,0.00937,0.00000,0.09688,0.68750,0.00000,1.09847,0.20566,0.35575,0.30004,0.20251,0.71546,320
combined_micro_shift,minus_hazard_margin,9,0.76562,0.76349,0.62500,0.01250,0.00000,0.09688,0.70625,0.00000,1.10291,0.20887,0.34014,0.30626,0.20729,0.74022,320
combined_micro_shift,minus_shift_decomposition,0,0.84062,0.83810,0.77500,0.00937,0.00000,0.16250,0.57500,0.00000,1.10484,0.10128,0.28946,0.27950,0.15533,0.81770,320
combined_micro_shift,minus_shift_decomposition,1,0.77187,0.76984,0.77500,0.00625,0.00000,0.15937,0.59062,0.00000,1.10286,0.10727,0.32862,0.27660,0.15543,0.75197,320
combined_micro_shift,minus_shift_decomposition,2,0.82500,0.82698,0.73750,0.00313,0.00000,0.15937,0.56563,0.00000,1.09783,0.10477,0.28813,0.27564,0.15487,0.80855,320
combined_micro_shift,minus_shift_decomposition,3,0.78125,0.78413,0.68750,0.00313,0.00000,0.16250,0.57500,0.00000,1.09953,0.10092,0.32147,0.27875,0.15807,0.76457,320
combined_micro_shift,minus_shift_decomposition,4,0.81250,0.81429,0.77500,0.00313,0.00000,0.15937,0.56563,0.00000,1.09783,0.10868,0.30025,0.27767,0.15432,0.79605,320
combined_micro_shift,minus_shift_decomposition,5,0.80312,0.80317,0.81250,0.00625,0.00000,0.15937,0.56250,0.00000,1.10019,0.10783,0.30655,0.27638,0.15355,0.78360,320
combined_micro_shift,minus_shift_decomposition,6,0.82500,0.82222,0.80000,0.00313,0.00000,0.15937,0.54063,0.00000,1.09545,0.11094,0.28840,0.27356,0.15415,0.80889,320
combined_micro_shift,minus_shift_decomposition,7,0.79375,0.79841,0.70000,0.00000,0.00000,0.15937,0.55625,0.00000,1.09428,0.10421,0.31181,0.27895,0.15698,0.78055,320
combined_micro_shift,minus_shift_decomposition,8,0.80937,0.80794,0.78750,0.00313,0.00000,0.16250,0.56250,0.00000,1.09834,0.10240,0.30231,0.27650,0.15559,0.79286,320
combined_micro_shift,minus_shift_decomposition,9,0.80312,0.80159,0.75000,0.00625,0.00000,0.15937,0.58750,0.00000,1.10256,0.10735,0.30672,0.28069,0.15638,0.78327,320
combined_micro_shift,minus_uncertainty_calibration,0,0.84062,0.83810,0.82500,0.00000,0.00000,0.15313,0.59062,0.00000,1.09592,0.16234,0.28365,0.20436,0.15506,0.82720,320
combined_micro_shift,minus_uncertainty_calibration,1,0.84062,0.84286,0.88750,0.00000,0.00000,0.15000,0.58437,0.00000,1.09452,0.16954,0.28659,0.19984,0.15192,0.82739,320
combined_micro_shift,minus_uncertainty_calibration,2,0.80000,0.79841,0.72500,0.00313,0.00000,0.15000,0.58750,0.00000,1.09747,0.15926,0.30817,0.20030,0.15420,0.78360,320
combined_micro_shift,minus_uncertainty_calibration,3,0.85000,0.84921,0.85000,0.00000,0.00000,0.15313,0.55625,0.00000,1.09266,0.15896,0.28004,0.20194,0.15449,0.83703,320
combined_micro_shift,minus_uncertainty_calibration,4,0.76875,0.76667,0.75000,0.00000,0.00000,0.14688,0.59688,0.00000,1.09489,0.17227,0.32606,0.20280,0.15453,0.75547,320
combined_micro_shift,minus_uncertainty_calibration,5,0.79063,0.79048,0.83750,0.00000,0.00000,0.15000,0.56875,0.00000,1.09303,0.17594,0.31539,0.20088,0.15251,0.77760,320
combined_micro_shift,minus_uncertainty_calibration,6,0.78125,0.78095,0.72500,0.00000,0.00000,0.14688,0.56875,0.00000,1.09222,0.17606,0.31894,0.19878,0.15453,0.76834,320
combined_micro_shift,minus_uncertainty_calibration,7,0.83437,0.83492,0.77500,0.00000,0.00000,0.15313,0.58125,0.00000,1.09503,0.17133,0.28875,0.20216,0.15341,0.82107,320
combined_micro_shift,minus_uncertainty_calibration,8,0.77812,0.77619,0.80000,0.00313,0.00000,0.15625,0.55625,0.00000,1.09613,0.16554,0.32173,0.19971,0.15203,0.76192,320
combined_micro_shift,minus_uncertainty_calibration,9,0.80312,0.80159,0.80000,0.00000,0.00000,0.15000,0.58750,0.00000,1.09481,0.16886,0.30651,0.20451,0.15397,0.78985,320
combined_micro_shift,minus_skill_age_state,0,0.78125,0.77778,0.86250,0.00000,0.00000,0.15937,0.56875,0.00000,1.09547,0.11792,0.32529,0.27867,0.15367,0.76788,320
combined_micro_shift,minus_skill_age_state,1,0.82188,0.82222,0.78750,0.00313,0.00000,0.15937,0.58750,0.00000,1.09991,0.12626,0.29884,0.27623,0.15471,0.80514,320
combined_micro_shift,minus_skill_age_state,2,0.80000,0.79841,0.77500,0.00313,0.00000,0.15937,0.57188,0.00000,1.09842,0.11945,0.30803,0.27708,0.15774,0.78347,320
combined_micro_shift,minus_skill_age_state,3,0.80625,0.80794,0.80000,0.00000,0.00000,0.16250,0.56250,0.00000,1.09569,0.11897,0.30623,0.27701,0.15461,0.79285,320
combined_micro_shift,minus_skill_age_state,4,0.77500,0.77143,0.76250,0.00937,0.00000,0.15937,0.57812,0.00000,1.10433,0.12795,0.32729,0.27786,0.15468,0.75214,320
combined_micro_shift,minus_skill_age_state,5,0.80000,0.79841,0.83750,0.00313,0.00000,0.15625,0.56563,0.00000,1.09702,0.12940,0.30682,0.27547,0.15173,0.78367,320
combined_micro_shift,minus_skill_age_state,6,0.77812,0.77619,0.81250,0.00000,0.00000,0.15625,0.55625,0.00000,1.09347,0.12890,0.32290,0.27448,0.15598,0.76504,320
combined_micro_shift,minus_skill_age_state,7,0.79063,0.78889,0.85000,0.01250,0.00000,0.15625,0.57500,0.00000,1.10587,0.12414,0.31366,0.27793,0.15494,0.76480,320
combined_micro_shift,minus_skill_age_state,8,0.83437,0.83333,0.85000,0.00313,0.00000,0.15937,0.55625,0.00000,1.09694,0.12015,0.28643,0.27682,0.15624,0.81805,320
combined_micro_shift,minus_skill_age_state,9,0.79063,0.78889,0.78750,0.00313,0.00000,0.16250,0.57188,0.00000,1.09923,0.12435,0.31696,0.27866,0.15233,0.77398,320
combined_micro_shift,fixed_global_half_life,0,0.75625,0.75556,0.73750,0.00625,0.00625,0.08125,0.68750,0.00000,1.09175,0.53147,0.34311,0.29268,0.18152,0.73578,320
combined_micro_shift,fixed_global_half_life,1,0.70625,0.70476,0.71250,0.00937,0.00937,0.08125,0.68125,0.00000,1.09381,0.53746,0.37261,0.29022,0.18252,0.68168,320
combined_micro_shift,fixed_global_half_life,2,0.68437,0.68413,0.58750,0.00313,0.00625,0.08125,0.68125,0.00000,1.08850,0.53282,0.38301,0.28936,0.18215,0.66711,320
combined_micro_shift,fixed_global_half_life,3,0.79688,0.79365,0.81250,0.00625,0.01250,0.08125,0.70000,0.00000,1.09294,0.53352,0.32658,0.29109,0.18264,0.77411,320
combined_micro_shift,fixed_global_half_life,4,0.74062,0.73810,0.73750,0.00313,0.00937,0.08125,0.70312,0.00000,1.09058,0.54988,0.35058,0.29080,0.18040,0.72201,320
combined_micro_shift,fixed_global_half_life,5,0.75625,0.75556,0.72500,0.00625,0.00937,0.08125,0.69375,0.00000,1.09234,0.54257,0.34278,0.29042,0.18144,0.73463,320
combined_micro_shift,fixed_global_half_life,6,0.70000,0.69841,0.63750,0.00313,0.00313,0.08438,0.68750,0.00000,1.08991,0.52437,0.37743,0.28749,0.18185,0.68360,320
combined_micro_shift,fixed_global_half_life,7,0.77187,0.76984,0.72500,0.00937,0.01562,0.08125,0.70312,0.00000,1.09589,0.53280,0.33794,0.29159,0.18212,0.74489,320
combined_micro_shift,fixed_global_half_life,8,0.71875,0.71587,0.66250,0.00937,0.01250,0.08125,0.69375,0.00000,1.09500,0.51960,0.36102,0.28942,0.18128,0.69295,320
combined_micro_shift,fixed_global_half_life,9,0.75938,0.76032,0.66250,0.00000,0.00937,0.08125,0.71250,0.00000,1.08881,0.54244,0.34464,0.29414,0.18309,0.74375,320
combined_micro_shift,threshold_only_risk_gate,0,0.77500,0.77143,0.78750,0.00937,0.00000,0.11250,0.27813,0.00000,1.06364,0.14676,0.33364,0.26716,0.20046,0.75784,320
combined_micro_shift,threshold_only_risk_gate,1,0.75938,0.75556,0.75000,0.00313,0.00000,0.10938,0.26250,0.00000,1.05603,0.15542,0.34117,0.26349,0.19903,0.74878,320
combined_micro_shift,threshold_only_risk_gate,2,0.77500,0.77619,0.71250,0.00937,0.00000,0.10938,0.25312,0.00000,1.06045,0.14654,0.33669,0.26399,0.20140,0.75829,320
combined_micro_shift,threshold_only_risk_gate,3,0.75625,0.75873,0.71250,0.00313,0.00000,0.10938,0.24063,0.00000,1.05395,0.14297,0.34655,0.26475,0.19995,0.74595,320
combined_micro_shift,threshold_only_risk_gate,4,0.80312,0.80317,0.76250,0.00625,0.00000,0.10625,0.29063,0.00000,1.06055,0.15699,0.32434,0.26552,0.19985,0.78915,320
combined_micro_shift,threshold_only_risk_gate,5,0.76875,0.76508,0.80000,0.00937,0.00000,0.10938,0.28750,0.00000,1.06372,0.15626,0.34234,0.26434,0.19929,0.75158,320
combined_micro_shift,threshold_only_risk_gate,6,0.75625,0.75556,0.72500,0.00313,0.00000,0.10625,0.28750,0.00000,1.05759,0.16052,0.35093,0.26312,0.20305,0.74544,320
combined_micro_shift,threshold_only_risk_gate,7,0.78750,0.78730,0.76250,0.00313,0.00000,0.10938,0.30625,0.00000,1.06019,0.15421,0.33503,0.26712,0.20311,0.77632,320
combined_micro_shift,threshold_only_risk_gate,8,0.72500,0.72381,0.57500,0.00313,0.00000,0.10625,0.30312,0.00000,1.05908,0.15030,0.36160,0.26553,0.20345,0.71398,320
combined_micro_shift,threshold_only_risk_gate,9,0.78438,0.78254,0.78750,0.00313,0.00000,0.11250,0.27500,0.00000,1.05803,0.15514,0.33301,0.26765,0.20013,0.77350,320
combined_micro_shift,expected_success_only,0,0.73125,0.72857,0.73750,0.00313,0.00000,0.09688,0.32188,0.00000,1.05842,0.15291,0.36350,0.25611,0.21829,0.72032,320
combined_micro_shift,expected_success_only,1,0.77500,0.77302,0.75000,0.00000,0.00000,0.10625,0.25000,0.00000,1.05137,0.16022,0.33973,0.25087,0.21370,0.76781,320
combined_micro_shift,expected_success_only,2,0.70000,0.69841,0.66250,0.00625,0.00000,0.10000,0.28125,0.00000,1.05803,0.15043,0.37608,0.25278,0.21888,0.68638,320
combined_micro_shift,expected_success_only,3,0.75313,0.75238,0.77500,0.01875,0.00000,0.10312,0.24375,0.00000,1.06591,0.15024,0.35068,0.25026,0.21092,0.72740,320
combined_micro_shift,expected_success_only,4,0.72500,0.72381,0.61250,0.01250,0.00000,0.09688,0.32500,0.00000,1.06669,0.16274,0.36525,0.25439,0.21749,0.70466,320
combined_micro_shift,expected_success_only,5,0.71562,0.71111,0.70000,0.00937,0.00000,0.09375,0.29063,0.00000,1.05995,0.16610,0.37264,0.25277,0.21604,0.69898,320
combined_micro_shift,expected_success_only,6,0.73438,0.73651,0.70000,0.00937,0.00000,0.10000,0.29688,0.00000,1.06217,0.16601,0.37038,0.24928,0.21533,0.71742,320
combined_micro_shift,expected_success_only,7,0.75938,0.75714,0.78750,0.01250,0.00000,0.10312,0.30000,0.00000,1.06594,0.16134,0.34739,0.25251,0.21386,0.73914,320
combined_micro_shift,expected_success_only,8,0.72500,0.72698,0.70000,0.00937,0.00000,0.10000,0.29375,0.00000,1.06188,0.15589,0.37110,0.25051,0.21337,0.70809,320
combined_micro_shift,expected_success_only,9,0.70937,0.70635,0.70000,0.00625,0.00000,0.10000,0.32188,0.00000,1.06189,0.15928,0.37350,0.25469,0.21418,0.69521,320
contact_mode_chatter,full_skill_half_life_scheduler_v5,0,0.84688,0.84603,0.81250,0.00000,0.00000,0.13750,0.55312,0.00000,1.08277,0.10458,0.27989,0.25441,0.15450,0.83529,320
contact_mode_chatter,full_skill_half_life_scheduler_v5,1,0.83125,0.83333,0.80000,0.00313,0.00000,0.14062,0.54375,0.00000,1.08544,0.10979,0.29074,0.24992,0.14943,0.81654,320
contact_mode_chatter,full_skill_half_life_scheduler_v5,2,0.80312,0.80317,0.78750,0.00000,0.00000,0.14062,0.54063,0.00000,1.08252,0.11132,0.30174,0.25228,0.15406,0.79157,320
contact_mode_chatter,full_skill_half_life_scheduler_v5,3,0.77812,0.77778,0.76250,0.00625,0.00000,0.14062,0.55625,0.00000,1.08916,0.10728,0.32116,0.25128,0.15289,0.76014,320
contact_mode_chatter,full_skill_half_life_scheduler_v5,4,0.80937,0.80794,0.72500,0.00625,0.00000,0.13750,0.54375,0.00000,1.08728,0.10701,0.30454,0.25112,0.15269,0.79166,320
contact_mode_chatter,full_skill_half_life_scheduler_v5,5,0.82812,0.82540,0.81250,0.00000,0.00000,0.13437,0.58750,0.00000,1.08487,0.10639,0.28893,0.25346,0.15409,0.81624,320
contact_mode_chatter,full_skill_half_life_scheduler_v5,6,0.80937,0.81111,0.83750,0.00313,0.00000,0.13750,0.58437,0.00000,1.08808,0.11583,0.30694,0.25405,0.15261,0.79429,320
contact_mode_chatter,full_skill_half_life_scheduler_v5,7,0.80625,0.80476,0.85000,0.00313,0.00000,0.13437,0.57500,0.00000,1.08647,0.10624,0.30621,0.25263,0.15432,0.79139,320
contact_mode_chatter,full_skill_half_life_scheduler_v5,8,0.79063,0.78889,0.80000,0.00000,0.00000,0.13437,0.56563,0.00000,1.08302,0.10556,0.31417,0.25058,0.15331,0.77900,320
contact_mode_chatter,full_skill_half_life_scheduler_v5,9,0.79688,0.79524,0.75000,0.00937,0.00000,0.13750,0.55625,0.00000,1.09100,0.10969,0.31342,0.25371,0.15385,0.77589,320
contact_mode_chatter,minus_per_skill_survival,0,0.80937,0.80952,0.76250,0.00000,0.00000,0.15000,0.56563,0.00000,1.08708,0.13863,0.30415,0.25514,0.15589,0.79718,320
contact_mode_chatter,minus_per_skill_survival,1,0.84688,0.84762,0.90000,0.00000,0.00000,0.14688,0.57812,0.00000,1.08733,0.13591,0.27643,0.25411,0.15771,0.83465,320
contact_mode_chatter,minus_per_skill_survival,2,0.82812,0.82857,0.82500,0.00625,0.00000,0.14375,0.57812,0.00000,1.09183,0.14164,0.29666,0.25332,0.15612,0.80977,320
contact_mode_chatter,minus_per_skill_survival,3,0.83437,0.83492,0.78750,0.00000,0.00000,0.14062,0.56875,0.00000,1.08491,0.14277,0.28927,0.25411,0.15850,0.82249,320
contact_mode_chatter,minus_per_skill_survival,4,0.80312,0.80317,0.82500,0.00000,0.00000,0.15000,0.53438,0.00000,1.08442,0.13345,0.30464,0.25259,0.15561,0.79131,320
contact_mode_chatter,minus_per_skill_survival,5,0.80937,0.80635,0.83750,0.00000,0.00000,0.14688,0.58750,0.00000,1.08813,0.13787,0.30038,0.25294,0.15299,0.79704,320
contact_mode_chatter,minus_per_skill_survival,6,0.83750,0.83651,0.85000,0.00313,0.00000,0.14688,0.57500,0.00000,1.08972,0.13625,0.28724,0.25558,0.15563,0.82219,320
contact_mode_chatter,minus_per_skill_survival,7,0.83125,0.83333,0.76250,0.00313,0.00000,0.14688,0.56563,0.00000,1.08892,0.13833,0.28626,0.25342,0.15584,0.81605,320
contact_mode_chatter,minus_per_skill_survival,8,0.85000,0.84921,0.78750,0.00000,0.00000,0.14375,0.57188,0.00000,1.08598,0.14403,0.27860,0.25187,0.15585,0.83796,320
contact_mode_chatter,minus_per_skill_survival,9,0.81563,0.81587,0.80000,0.00000,0.00000,0.14688,0.55937,0.00000,1.08573,0.13997,0.29752,0.25434,0.15507,0.80362,320
contact_mode_chatter,minus_probe_updates,0,0.81563,0.81429,0.82500,0.00625,0.00000,0.15625,0.00000,0.00000,1.04594,0.17892,0.29471,0.25362,0.15292,0.80369,320
contact_mode_chatter,minus_probe_updates,1,0.79063,0.78889,0.78750,0.00937,0.00000,0.15625,0.00000,0.00000,1.04859,0.18325,0.31289,0.25207,0.15370,0.77557,320
contact_mode_chatter,minus_probe_updates,2,0.80312,0.80000,0.81250,0.00625,0.00000,0.15000,0.00000,0.00000,1.04431,0.18542,0.30346,0.25166,0.15287,0.79142,320
contact_mode_chatter,minus_probe_updates,3,0.82188,0.81905,0.82500,0.00000,0.00000,0.15625,0.00000,0.00000,1.04062,0.18381,0.29096,0.25190,0.15414,0.81619,320
contact_mode_chatter,minus_probe_updates,4,0.80000,0.79841,0.80000,0.00625,0.00000,0.16250,0.00000,0.00000,1.04756,0.17666,0.30312,0.24962,0.14974,0.78784,320
contact_mode_chatter,minus_probe_updates,5,0.81875,0.81746,0.82500,0.00313,0.00000,0.15000,0.00000,0.00000,1.04166,0.17238,0.29577,0.25292,0.15301,0.81017,320
contact_mode_chatter,minus_probe_updates,6,0.79063,0.79048,0.83750,0.00313,0.00000,0.15313,0.00000,0.00000,1.04247,0.17903,0.31016,0.25566,0.15586,0.78193,320
contact_mode_chatter,minus_probe_updates,7,0.84375,0.84286,0.87500,0.00000,0.00000,0.16250,0.00000,0.00000,1.04225,0.16274,0.27956,0.25105,0.15117,0.83783,320
contact_mode_chatter,minus_probe_updates,8,0.79375,0.79365,0.78750,0.00625,0.00000,0.15313,0.00000,0.00000,1.04513,0.19855,0.31144,0.24997,0.15208,0.78193,320
contact_mode_chatter,minus_probe_updates,9,0.81250,0.81429,0.75000,0.00313,0.00000,0.15625,0.00000,0.00000,1.04328,0.17199,0.29406,0.25435,0.15510,0.80369,320
contact_mode_chatter,minus_hazard_margin,0,0.78438,0.78413,0.85000,0.00625,0.00000,0.07812,0.70937,0.00000,1.08592,0.18363,0.33474,0.27753,0.20061,0.76685,320
contact_mode_chatter,minus_hazard_margin,1,0.74062,0.73968,0.72500,0.00000,0.00000,0.07812,0.71562,0.00000,1.08114,0.18392,0.36032,0.27822,0.20578,0.72927,320
contact_mode_chatter,minus_hazard_margin,2,0.74687,0.74762,0.70000,0.00000,0.00000,0.07812,0.71250,0.00000,1.08088,0.18506,0.34963,0.27585,0.20099,0.73555,320
contact_mode_chatter,minus_hazard_margin,3,0.77812,0.77619,0.75000,0.00313,0.00000,0.08438,0.69688,0.00000,1.08383,0.18452,0.33704,0.27418,0.19853,0.76364,320
contact_mode_chatter,minus_hazard_margin,4,0.76875,0.76825,0.70000,0.00625,0.00000,0.07812,0.68750,0.00000,1.08406,0.18504,0.34860,0.27629,0.20286,0.75148,320
contact_mode_chatter,minus_hazard_margin,5,0.70937,0.70794,0.67500,0.01250,0.00000,0.08125,0.68750,0.00000,1.09019,0.18327,0.37365,0.27667,0.20035,0.68575,320
contact_mode_chatter,minus_hazard_margin,6,0.77812,0.77778,0.75000,0.00313,0.00000,0.07812,0.71250,0.00000,1.08353,0.19567,0.33381,0.27977,0.20383,0.76368,320
contact_mode_chatter,minus_hazard_margin,7,0.81563,0.81270,0.80000,0.00625,0.00000,0.08125,0.70312,0.00000,1.08620,0.18357,0.32424,0.28022,0.20927,0.79806,320
contact_mode_chatter,minus_hazard_margin,8,0.77187,0.77143,0.76250,0.01562,0.00000,0.07500,0.71250,0.00000,1.09334,0.18582,0.35098,0.27681,0.20551,0.74506,320
contact_mode_chatter,minus_hazard_margin,9,0.75625,0.75238,0.73750,0.00625,0.00000,0.07812,0.70312,0.00000,1.08539,0.18819,0.34975,0.27926,0.20473,0.73880,320
contact_mode_chatter,minus_shift_decomposition,0,0.84062,0.83810,0.81250,0.00625,0.00000,0.14062,0.55625,0.00000,1.08916,0.09030,0.28659,0.25357,0.15280,0.82264,320
contact_mode_chatter,minus_shift_decomposition,1,0.83125,0.83016,0.82500,0.00000,0.00000,0.13750,0.55312,0.00000,1.08277,0.09160,0.28763,0.25168,0.15294,0.81966,320
contact_mode_chatter,minus_shift_decomposition,2,0.78125,0.77937,0.77500,0.00625,0.00000,0.14375,0.55000,0.00000,1.08944,0.09923,0.31321,0.25184,0.15318,0.76323,320
contact_mode_chatter,minus_shift_decomposition,3,0.81250,0.81111,0.81250,0.00313,0.00000,0.13750,0.55625,0.00000,1.08569,0.09402,0.30141,0.25043,0.15120,0.79775,320
contact_mode_chatter,minus_shift_decomposition,4,0.80312,0.80159,0.82500,0.00313,0.00000,0.13125,0.58125,0.00000,1.08619,0.09063,0.30922,0.25428,0.15897,0.78831,320
contact_mode_chatter,minus_shift_decomposition,5,0.85000,0.84921,0.86250,0.00000,0.00000,0.13750,0.59062,0.00000,1.08595,0.09043,0.27974,0.25310,0.15336,0.83797,320
contact_mode_chatter,minus_shift_decomposition,6,0.79063,0.79048,0.72500,0.00000,0.00000,0.13750,0.58750,0.00000,1.08569,0.09702,0.31751,0.25487,0.15425,0.77863,320
contact_mode_chatter,minus_shift_decomposition,7,0.81875,0.81746,0.86250,0.00937,0.00000,0.13750,0.57500,0.00000,1.09259,0.08705,0.29831,0.25298,0.15501,0.79754,320
contact_mode_chatter,minus_shift_decomposition,8,0.82500,0.82381,0.86250,0.00000,0.00000,0.13750,0.56875,0.00000,1.08409,0.09183,0.29022,0.25006,0.15227,0.81323,320
contact_mode_chatter,minus_shift_decomposition,9,0.83125,0.83333,0.82500,0.00313,0.00000,0.13750,0.57500,0.00000,1.08728,0.09592,0.29115,0.25355,0.15353,0.81628,320
contact_mode_chatter,minus_uncertainty_calibration,0,0.78125,0.78254,0.80000,0.00313,0.00000,0.13125,0.55312,0.00000,1.08380,0.14481,0.31735,0.17832,0.15231,0.76677,320
contact_mode_chatter,minus_uncertainty_calibration,1,0.79688,0.79524,0.86250,0.00313,0.00000,0.13437,0.53750,0.00000,1.08328,0.14714,0.30728,0.17509,0.14979,0.78247,320
contact_mode_chatter,minus_uncertainty_calibration,2,0.79688,0.79524,0.78750,0.00313,0.00000,0.13125,0.55625,0.00000,1.08406,0.14944,0.30553,0.17560,0.15071,0.78236,320
contact_mode_chatter,minus_uncertainty_calibration,3,0.81250,0.80952,0.77500,0.00313,0.00000,0.13437,0.56875,0.00000,1.08594,0.14678,0.29754,0.17521,0.15076,0.79772,320
contact_mode_chatter,minus_uncertainty_calibration,4,0.81875,0.81746,0.72500,0.00313,0.00000,0.13125,0.54375,0.00000,1.08300,0.14634,0.29372,0.17566,0.15182,0.80438,320
contact_mode_chatter,minus_uncertainty_calibration,5,0.76562,0.76349,0.75000,0.00313,0.00000,0.12812,0.58125,0.00000,1.08538,0.14585,0.33063,0.17726,0.15168,0.75092,320
contact_mode_chatter,minus_uncertainty_calibration,6,0.80937,0.80635,0.80000,0.00313,0.00000,0.12812,0.57500,0.00000,1.08484,0.15769,0.30244,0.17829,0.15109,0.79475,320
contact_mode_chatter,minus_uncertainty_calibration,7,0.80312,0.80159,0.77500,0.00000,0.00000,0.13437,0.55000,0.00000,1.08169,0.14563,0.30422,0.17599,0.15105,0.79169,320
contact_mode_chatter,minus_uncertainty_calibration,8,0.83750,0.83810,0.78750,0.00313,0.00000,0.13437,0.55312,0.00000,1.08461,0.14683,0.28704,0.17385,0.14984,0.82290,320
contact_mode_chatter,minus_uncertainty_calibration,9,0.82188,0.82063,0.81250,0.00000,0.00000,0.13437,0.55625,0.00000,1.08222,0.14911,0.29600,0.17758,0.15160,0.81036,320
contact_mode_chatter,minus_skill_age_state,0,0.87500,0.87302,0.87500,0.00000,0.00000,0.13750,0.55312,0.00000,1.08277,0.10458,0.26108,0.25441,0.15450,0.86341,320
contact_mode_chatter,minus_skill_age_state,1,0.83437,0.83333,0.76250,0.00313,0.00000,0.14062,0.54375,0.00000,1.08544,0.10979,0.28644,0.24992,0.14943,0.81966,320
contact_mode_chatter,minus_skill_age_state,2,0.78438,0.78413,0.76250,0.01250,0.00000,0.14062,0.54063,0.00000,1.09314,0.11132,0.31583,0.25228,0.15406,0.76034,320
contact_mode_chatter,minus_skill_age_state,3,0.81875,0.81587,0.77500,0.00313,0.00000,0.14062,0.55625,0.00000,1.08650,0.10728,0.29543,0.25128,0.15289,0.80389,320
contact_mode_chatter,minus_skill_age_state,4,0.83437,0.83492,0.80000,0.00313,0.00000,0.13750,0.54375,0.00000,1.08463,0.10701,0.28273,0.25112,0.15269,0.81978,320
contact_mode_chatter,minus_skill_age_state,5,0.83750,0.83810,0.86250,0.00000,0.00000,0.13437,0.58750,0.00000,1.08487,0.10639,0.28772,0.25346,0.15409,0.82562,320
contact_mode_chatter,minus_skill_age_state,6,0.83437,0.83492,0.76250,0.00000,0.00000,0.13750,0.58437,0.00000,1.08542,0.11583,0.28749,0.25405,0.15261,0.82242,320
contact_mode_chatter,minus_skill_age_state,7,0.81875,0.82063,0.82500,0.00313,0.00000,0.13437,0.57500,0.00000,1.08647,0.10624,0.30030,0.25263,0.15432,0.80389,320
contact_mode_chatter,minus_skill_age_state,8,0.80625,0.80476,0.80000,0.00313,0.00000,0.13437,0.56563,0.00000,1.08567,0.10556,0.30667,0.25058,0.15331,0.79151,320
contact_mode_chatter,minus_skill_age_state,9,0.84375,0.84762,0.83750,0.00000,0.00000,0.13750,0.55625,0.00000,1.08303,0.10969,0.28374,0.25371,0.15385,0.83213,320
contact_mode_chatter,fixed_global_half_life,0,0.73750,0.73810,0.67500,0.00937,0.00625,0.07812,0.68750,0.00000,1.08672,0.35921,0.35422,0.27022,0.18592,0.71498,320
contact_mode_chatter,fixed_global_half_life,1,0.78438,0.78413,0.80000,0.00313,0.00000,0.07812,0.67500,0.00000,1.08034,0.35299,0.32810,0.26814,0.18566,0.77038,320
contact_mode_chatter,fixed_global_half_life,2,0.74687,0.74444,0.72500,0.00313,0.00313,0.07500,0.69688,0.00000,1.08139,0.36565,0.34698,0.26794,0.18523,0.73167,320
contact_mode_chatter,fixed_global_half_life,3,0.71250,0.71270,0.63750,0.00625,0.00625,0.07500,0.69063,0.00000,1.08352,0.36192,0.36491,0.26808,0.18631,0.69318,320
contact_mode_chatter,fixed_global_half_life,4,0.79375,0.79365,0.82500,0.00625,0.00000,0.07812,0.69063,0.00000,1.08433,0.35328,0.32885,0.26782,0.18593,0.77644,320
contact_mode_chatter,fixed_global_half_life,5,0.75313,0.75079,0.67500,0.00313,0.00937,0.07500,0.70000,0.00000,1.08166,0.34789,0.34666,0.26956,0.18609,0.73576,320
contact_mode_chatter,fixed_global_half_life,6,0.77187,0.76984,0.73750,0.00937,0.00313,0.07812,0.69688,0.00000,1.08752,0.35270,0.33521,0.26982,0.18398,0.75031,320
contact_mode_chatter,fixed_global_half_life,7,0.78750,0.78571,0.71250,0.00000,0.00625,0.07500,0.69063,0.00000,1.07820,0.33640,0.33368,0.26883,0.18655,0.77443,320
contact_mode_chatter,fixed_global_half_life,8,0.75938,0.75873,0.63750,0.00625,0.00313,0.07812,0.69688,0.00000,1.08486,0.33585,0.34312,0.26681,0.18557,0.74093,320
contact_mode_chatter,fixed_global_half_life,9,0.76562,0.76508,0.75000,0.00625,0.00937,0.07812,0.70625,0.00000,1.08566,0.36800,0.34161,0.26948,0.18520,0.74495,320
contact_mode_chatter,threshold_only_risk_gate,0,0.74062,0.73810,0.70000,0.01562,0.00000,0.09688,0.28437,0.00000,1.06264,0.12839,0.35399,0.24164,0.19880,0.71811,320
contact_mode_chatter,threshold_only_risk_gate,1,0.77500,0.77460,0.70000,0.00313,0.00000,0.09375,0.29063,0.00000,1.05173,0.12774,0.33792,0.23979,0.19900,0.76501,320
contact_mode_chatter,threshold_only_risk_gate,2,0.79375,0.79206,0.70000,0.00000,0.00000,0.09062,0.27500,0.00000,1.04694,0.13535,0.33241,0.23964,0.19863,0.78718,320
contact_mode_chatter,threshold_only_risk_gate,3,0.74062,0.74127,0.75000,0.00313,0.00000,0.09375,0.25938,0.00000,1.04908,0.13158,0.35423,0.23890,0.19797,0.73100,320
contact_mode_chatter,threshold_only_risk_gate,4,0.78438,0.78413,0.72500,0.00000,0.00000,0.09375,0.28437,0.00000,1.04855,0.12913,0.33141,0.23975,0.19984,0.77758,320
contact_mode_chatter,threshold_only_risk_gate,5,0.79375,0.79365,0.78750,0.00313,0.00000,0.09375,0.27187,0.00000,1.05014,0.12842,0.33155,0.24042,0.19780,0.78398,320
contact_mode_chatter,threshold_only_risk_gate,6,0.78438,0.78254,0.78750,0.00000,0.00000,0.09688,0.28125,0.00000,1.04909,0.13893,0.33610,0.24145,0.19729,0.77750,320
contact_mode_chatter,threshold_only_risk_gate,7,0.79375,0.79206,0.76250,0.00313,0.00000,0.09688,0.26875,0.00000,1.05069,0.12481,0.32447,0.24066,0.20021,0.78390,320
contact_mode_chatter,threshold_only_risk_gate,8,0.75313,0.75079,0.77500,0.01875,0.00000,0.09375,0.27187,0.00000,1.06342,0.13115,0.34901,0.23823,0.19844,0.72775,320
contact_mode_chatter,threshold_only_risk_gate,9,0.72188,0.72063,0.67500,0.01562,0.00000,0.09688,0.26875,0.00000,1.06131,0.13488,0.36545,0.23989,0.19603,0.69954,320
contact_mode_chatter,expected_success_only,0,0.77812,0.77937,0.73750,0.00625,0.00000,0.08438,0.27813,0.00000,1.05089,0.13584,0.34419,0.22613,0.20777,0.76550,320
contact_mode_chatter,expected_success_only,1,0.77812,0.77619,0.72500,0.01250,0.00000,0.08750,0.31875,0.00000,1.06047,0.13872,0.33840,0.22683,0.21297,0.75866,320
contact_mode_chatter,expected_success_only,2,0.77187,0.77302,0.70000,0.00937,0.00000,0.08750,0.27500,0.00000,1.05409,0.14106,0.33808,0.22522,0.20981,0.75605,320
contact_mode_chatter,expected_success_only,3,0.79375,0.79206,0.80000,0.00313,0.00000,0.08750,0.27187,0.00000,1.04852,0.13799,0.33410,0.22194,0.20404,0.78421,320
contact_mode_chatter,expected_success_only,4,0.80000,0.80000,0.80000,0.00937,0.00000,0.08438,0.26875,0.00000,1.05275,0.13754,0.32847,0.22481,0.20991,0.78437,320
contact_mode_chatter,expected_success_only,5,0.77812,0.77460,0.80000,0.00937,0.00000,0.08750,0.28125,0.00000,1.05463,0.13726,0.33648,0.22720,0.21136,0.76223,320
contact_mode_chatter,expected_success_only,6,0.77500,0.77302,0.76250,0.00000,0.00000,0.08750,0.32812,0.00000,1.05064,0.14866,0.34502,0.23151,0.21723,0.76791,320
contact_mode_chatter,expected_success_only,7,0.78750,0.79048,0.78750,0.00937,0.00000,0.08750,0.26562,0.00000,1.05330,0.13710,0.33718,0.22572,0.21029,0.77179,320
contact_mode_chatter,expected_success_only,8,0.76562,0.76190,0.77500,0.01562,0.00000,0.08438,0.27813,0.00000,1.05886,0.13770,0.34331,0.22587,0.21362,0.74363,320
contact_mode_chatter,expected_success_only,9,0.75625,0.75556,0.75000,0.00625,0.00000,0.09062,0.30000,0.00000,1.05437,0.14024,0.35383,0.22708,0.21036,0.74314,320
