rank,uid,title,year,venue,url,problem_claimed,actual_mechanism,hidden_assumptions,variables_treated_as_fixed,failure_modes_ignored,what_it_makes_less_novel,what_it_leaves_open
1,arxiv:2602.23545v2,Planning under Distribution Shifts with Causal POMDPs,2026,arXiv,http://arxiv.org/abs/2602.23545v2,Addresses continual robot learning or a neighboring robotics mechanism.,"Prior work usually predicts, ranks, filters, or imitates observed behavior rather than preserving unrealized branches.",The observed outcome is enough to supervise the model.,"Contact mode support, embodiment limits, and deployment perturbations.","Branch collapse, hidden-mode shift, and tail-risk planning failures.",Generic world models and generic uncertainty are crowded.,Robot skill half life under shift keeps action-critical alternatives explicit until a physical observation collapses them.
2,doi:10.3390/s26103140,Uncertainty-Calibrated Safety Gating for Vision–Language– Action Manipulation Under Domain Shift: Reliability Gains and Intervention–Efficiency Trade-Offs,2026,Sensors,https://doi.org/10.3390/s26103140,Addresses continual robot learning or a neighboring robotics mechanism.,"Prior work usually predicts, ranks, filters, or imitates observed behavior rather than preserving unrealized branches.",The observed outcome is enough to supervise the model.,"Contact mode support, embodiment limits, and deployment perturbations.","Branch collapse, hidden-mode shift, and tail-risk planning failures.",Generic world models and generic uncertainty are crowded.,Robot skill half life under shift keeps action-critical alternatives explicit until a physical observation collapses them.
3,title:lost in translation skills policy and the shift to skill ecosystems,Lost in translation? Skills policy and the shift to skill ecosystems,2012,Strathprints: The University of Strathclyde institutional repository (University of Strathclyde),https://openalex.org/W161294835,Addresses continual robot learning or a neighboring robotics mechanism.,"Prior work usually predicts, ranks, filters, or imitates observed behavior rather than preserving unrealized branches.",The observed outcome is enough to supervise the model.,"Contact mode support, embodiment limits, and deployment perturbations.","Branch collapse, hidden-mode shift, and tail-risk planning failures.",Generic world models and generic uncertainty are crowded.,Robot skill half life under shift keeps action-critical alternatives explicit until a physical observation collapses them.
4,doi:10.1186/s12984-019-0587-8,Learning and transfer of complex motor skills in virtual reality: a perspective review,2019,Journal of NeuroEngineering and Rehabilitation,https://doi.org/10.1186/s12984-019-0587-8,Addresses continual robot learning or a neighboring robotics mechanism.,"Prior work usually predicts, ranks, filters, or imitates observed behavior rather than preserving unrealized branches.",The observed outcome is enough to supervise the model.,"Contact mode support, embodiment limits, and deployment perturbations.","Branch collapse, hidden-mode shift, and tail-risk planning failures.",Generic world models and generic uncertainty are crowded.,Robot skill half life under shift keeps action-critical alternatives explicit until a physical observation collapses them.
5,doi:10.1177/2399654419864605,"Transformative top-down planning in a small African city: How residents in Bagamoyo, Tanzania connect with a city in motion",2021,Environment and Planning C: Politics and Space,https://doi.org/10.1177/2399654419864605,Addresses continual robot learning or a neighboring robotics mechanism.,"Prior work usually predicts, ranks, filters, or imitates observed behavior rather than preserving unrealized branches.",The observed outcome is enough to supervise the model.,"Contact mode support, embodiment limits, and deployment perturbations.","Branch collapse, hidden-mode shift, and tail-risk planning failures.",Generic world models and generic uncertainty are crowded.,Robot skill half life under shift keeps action-critical alternatives explicit until a physical observation collapses them.
6,doi:10.1007/s10015-024-00979-y,Evaluating how psychological senses and physical motions are affected by avatar shapes in a non-immersive environment,2025,Artificial Life and Robotics,https://doi.org/10.1007/s10015-024-00979-y,Addresses continual robot learning or a neighboring robotics mechanism.,"Prior work usually predicts, ranks, filters, or imitates observed behavior rather than preserving unrealized branches.",The observed outcome is enough to supervise the model.,"Contact mode support, embodiment limits, and deployment perturbations.","Branch collapse, hidden-mode shift, and tail-risk planning failures.",Generic world models and generic uncertainty are crowded.,Robot skill half life under shift keeps action-critical alternatives explicit until a physical observation collapses them.
7,doi:10.15607/rss.2023.xix.006,Robotic Table Tennis: A Case Study into a High Speed Learning System,2023,arXiv,http://arxiv.org/abs/2309.03315v2,Addresses continual robot learning or a neighboring robotics mechanism.,"Prior work usually predicts, ranks, filters, or imitates observed behavior rather than preserving unrealized branches.",The observed outcome is enough to supervise the model.,"Contact mode support, embodiment limits, and deployment perturbations.","Branch collapse, hidden-mode shift, and tail-risk planning failures.",Generic world models and generic uncertainty are crowded.,Robot skill half life under shift keeps action-critical alternatives explicit until a physical observation collapses them.
8,doi:10.1186/s12984-017-0247-9,Physical interface dynamics alter how robotic exosuits augment human movement: implications for optimizing wearable assistive devices,2017,Journal of NeuroEngineering and Rehabilitation,https://doi.org/10.1186/s12984-017-0247-9,Addresses continual robot learning or a neighboring robotics mechanism.,"Prior work usually predicts, ranks, filters, or imitates observed behavior rather than preserving unrealized branches.",The observed outcome is enough to supervise the model.,"Contact mode support, embodiment limits, and deployment perturbations.","Branch collapse, hidden-mode shift, and tail-risk planning failures.",Generic world models and generic uncertainty are crowded.,Robot skill half life under shift keeps action-critical alternatives explicit until a physical observation collapses them.
9,doi:10.1080/01691864.2025.2487608,Situation classification of living environment by daily life support robot using pre-trained large-scale vision-language model,2025,Advanced Robotics,https://doi.org/10.1080/01691864.2025.2487608,Addresses continual robot learning or a neighboring robotics mechanism.,"Prior work usually predicts, ranks, filters, or imitates observed behavior rather than preserving unrealized branches.",The observed outcome is enough to supervise the model.,"Contact mode support, embodiment limits, and deployment perturbations.","Branch collapse, hidden-mode shift, and tail-risk planning failures.",Generic world models and generic uncertainty are crowded.,Robot skill half life under shift keeps action-critical alternatives explicit until a physical observation collapses them.
10,doi:10.1111/cgf.13606,Skiing Simulation Based on Skill‐Guided Motion Planning,2019,Computer Graphics Forum,https://doi.org/10.1111/cgf.13606,Addresses continual robot learning or a neighboring robotics mechanism.,"Prior work usually predicts, ranks, filters, or imitates observed behavior rather than preserving unrealized branches.",The observed outcome is enough to supervise the model.,"Contact mode support, embodiment limits, and deployment perturbations.","Branch collapse, hidden-mode shift, and tail-risk planning failures.",Generic world models and generic uncertainty are crowded.,Robot skill half life under shift keeps action-critical alternatives explicit until a physical observation collapses them.
11,doi:10.18196/jrc.v4i2.17165,Development of a Virtual Environment-Based Electrooculogram Control System for Safe Electric Wheelchair Mobility for Individuals with Severe Physical Disabilities,2023,Journal of Robotics and Control (JRC),https://doi.org/10.18196/jrc.v4i2.17165,Addresses continual robot learning or a neighboring robotics mechanism.,"Prior work usually predicts, ranks, filters, or imitates observed behavior rather than preserving unrealized branches.",The observed outcome is enough to supervise the model.,"Contact mode support, embodiment limits, and deployment perturbations.","Branch collapse, hidden-mode shift, and tail-risk planning failures.",Generic world models and generic uncertainty are crowded.,Robot skill half life under shift keeps action-critical alternatives explicit until a physical observation collapses them.
12,doi:10.1016/j.promfg.2017.07.209,Integration of a Skill-based Collaborative Mobile Robot in a Smart Cyber-physical Environment,2017,Procedia Manufacturing,https://doi.org/10.1016/j.promfg.2017.07.209,Addresses continual robot learning or a neighboring robotics mechanism.,"Prior work usually predicts, ranks, filters, or imitates observed behavior rather than preserving unrealized branches.",The observed outcome is enough to supervise the model.,"Contact mode support, embodiment limits, and deployment perturbations.","Branch collapse, hidden-mode shift, and tail-risk planning failures.",Generic world models and generic uncertainty are crowded.,Robot skill half life under shift keeps action-critical alternatives explicit until a physical observation collapses them.
13,doi:10.5772/acrt.23,"How Hands-On Assessments Can Boost Retention, Satisfaction, Skill Development, and Career Outcomes in Online Courses",2023,"AI, Computer Science and Robotics Technology",https://doi.org/10.5772/acrt.23,Addresses continual robot learning or a neighboring robotics mechanism.,"Prior work usually predicts, ranks, filters, or imitates observed behavior rather than preserving unrealized branches.",The observed outcome is enough to supervise the model.,"Contact mode support, embodiment limits, and deployment perturbations.","Branch collapse, hidden-mode shift, and tail-risk planning failures.",Generic world models and generic uncertainty are crowded.,Robot skill half life under shift keeps action-critical alternatives explicit until a physical observation collapses them.
14,doi:10.1177/02783649211004615,Learning compositional models of robot skills for task and motion planning,2021,The International Journal of Robotics Research,https://doi.org/10.1177/02783649211004615,Addresses continual robot learning or a neighboring robotics mechanism.,"Prior work usually predicts, ranks, filters, or imitates observed behavior rather than preserving unrealized branches.",The observed outcome is enough to supervise the model.,"Contact mode support, embodiment limits, and deployment perturbations.","Branch collapse, hidden-mode shift, and tail-risk planning failures.",Generic world models and generic uncertainty are crowded.,Robot skill half life under shift keeps action-critical alternatives explicit until a physical observation collapses them.
15,doi:10.1007/s10514-015-9435-2,Adaptation of manipulation skills in physical contact with the environment to reference force profiles,2015,Autonomous Robots,https://doi.org/10.1007/s10514-015-9435-2,Addresses continual robot learning or a neighboring robotics mechanism.,"Prior work usually predicts, ranks, filters, or imitates observed behavior rather than preserving unrealized branches.",The observed outcome is enough to supervise the model.,"Contact mode support, embodiment limits, and deployment perturbations.","Branch collapse, hidden-mode shift, and tail-risk planning failures.",Generic world models and generic uncertainty are crowded.,Robot skill half life under shift keeps action-critical alternatives explicit until a physical observation collapses them.
16,doi:10.1177/0885412210386229,Statistical Approaches to Testing the Relationships of the Built Environment with Resident-Level Physical Activity Behavior and Health Outcomes in Cross-Sectional Studies with Cluster Sampling,2011,Journal of Planning Literature,https://doi.org/10.1177/0885412210386229,Addresses continual robot learning or a neighboring robotics mechanism.,"Prior work usually predicts, ranks, filters, or imitates observed behavior rather than preserving unrealized branches.",The observed outcome is enough to supervise the model.,"Contact mode support, embodiment limits, and deployment perturbations.","Branch collapse, hidden-mode shift, and tail-risk planning failures.",Generic world models and generic uncertainty are crowded.,Robot skill half life under shift keeps action-critical alternatives explicit until a physical observation collapses them.
17,doi:10.1146/annurev-control-080320-011601,What Is Robotics? Why Do We Need It and How Can We Get It?,2021,"Annual Review of Control, Robotics, and Autonomous Systems",https://doi.org/10.1146/annurev-control-080320-011601,Addresses continual robot learning or a neighboring robotics mechanism.,"Prior work usually predicts, ranks, filters, or imitates observed behavior rather than preserving unrealized branches.",The observed outcome is enough to supervise the model.,"Contact mode support, embodiment limits, and deployment perturbations.","Branch collapse, hidden-mode shift, and tail-risk planning failures.",Generic world models and generic uncertainty are crowded.,Robot skill half life under shift keeps action-critical alternatives explicit until a physical observation collapses them.
18,arxiv:2605.08567v2,ACWM-Phys: Investigating Generalized Physical Interaction in Action-Conditioned Video World Models,2026,arXiv,http://arxiv.org/abs/2605.08567v2,Addresses continual robot learning or a neighboring robotics mechanism.,"Prior work usually predicts, ranks, filters, or imitates observed behavior rather than preserving unrealized branches.",The observed outcome is enough to supervise the model.,"Contact mode support, embodiment limits, and deployment perturbations.","Branch collapse, hidden-mode shift, and tail-risk planning failures.",Generic world models and generic uncertainty are crowded.,Robot skill half life under shift keeps action-critical alternatives explicit until a physical observation collapses them.
19,arxiv:2512.01946v3,Scaling Cross-Environment Failure Reasoning Data for Vision-Language Robotic Manipulation,2025,arXiv,http://arxiv.org/abs/2512.01946v3,Addresses continual robot learning or a neighboring robotics mechanism.,"Prior work usually predicts, ranks, filters, or imitates observed behavior rather than preserving unrealized branches.",The observed outcome is enough to supervise the model.,"Contact mode support, embodiment limits, and deployment perturbations.","Branch collapse, hidden-mode shift, and tail-risk planning failures.",Generic world models and generic uncertainty are crowded.,Robot skill half life under shift keeps action-critical alternatives explicit until a physical observation collapses them.
20,doi:10.36227/techrxiv.176106902.20394622/v1,Exploring the Future of Robotics through Physics Informed Vision Based Foundations,,,https://doi.org/10.36227/techrxiv.176106902.20394622/v1,Addresses continual robot learning or a neighboring robotics mechanism.,"Prior work usually predicts, ranks, filters, or imitates observed behavior rather than preserving unrealized branches.",The observed outcome is enough to supervise the model.,"Contact mode support, embodiment limits, and deployment perturbations.","Branch collapse, hidden-mode shift, and tail-risk planning failures.",Generic world models and generic uncertainty are crowded.,Robot skill half life under shift keeps action-critical alternatives explicit until a physical observation collapses them.
21,doi:10.48550/arxiv.2411.02385,How Far is Video Generation from World Model: A Physical Law Perspective,2024,arXiv (Cornell University),https://doi.org/10.48550/arxiv.2411.02385,Addresses continual robot learning or a neighboring robotics mechanism.,"Prior work usually predicts, ranks, filters, or imitates observed behavior rather than preserving unrealized branches.",The observed outcome is enough to supervise the model.,"Contact mode support, embodiment limits, and deployment perturbations.","Branch collapse, hidden-mode shift, and tail-risk planning failures.",Generic world models and generic uncertainty are crowded.,Robot skill half life under shift keeps action-critical alternatives explicit until a physical observation collapses them.
22,doi:10.1136/bmjebm-2022-111952,Adapt or die: how the pandemic made the shift from EBM to EBM+ more urgent,2022,BMJ Evidence-Based Medicine,https://doi.org/10.1136/bmjebm-2022-111952,Addresses continual robot learning or a neighboring robotics mechanism.,"Prior work usually predicts, ranks, filters, or imitates observed behavior rather than preserving unrealized branches.",The observed outcome is enough to supervise the model.,"Contact mode support, embodiment limits, and deployment perturbations.","Branch collapse, hidden-mode shift, and tail-risk planning failures.",Generic world models and generic uncertainty are crowded.,Robot skill half life under shift keeps action-critical alternatives explicit until a physical observation collapses them.
23,doi:10.1016/s0921-8890(97)80708-7,Living in a partially structured environment: How to bypass the limitations of classical reinforcement techniques,1997,Robotics and Autonomous Systems,https://doi.org/10.1016/s0921-8890(97)80708-7,Addresses continual robot learning or a neighboring robotics mechanism.,"Prior work usually predicts, ranks, filters, or imitates observed behavior rather than preserving unrealized branches.",The observed outcome is enough to supervise the model.,"Contact mode support, embodiment limits, and deployment perturbations.","Branch collapse, hidden-mode shift, and tail-risk planning failures.",Generic world models and generic uncertainty are crowded.,Robot skill half life under shift keeps action-critical alternatives explicit until a physical observation collapses them.
24,doi:10.1002/rcs.390,How to build patient‐specific synthetic abdominal anatomies. An innovative approach from physical toward hybrid surgical simulators,2011,The International Journal of Medical Robotics and Computer Assisted Surgery,https://doi.org/10.1002/rcs.390,Addresses continual robot learning or a neighboring robotics mechanism.,"Prior work usually predicts, ranks, filters, or imitates observed behavior rather than preserving unrealized branches.",The observed outcome is enough to supervise the model.,"Contact mode support, embodiment limits, and deployment perturbations.","Branch collapse, hidden-mode shift, and tail-risk planning failures.",Generic world models and generic uncertainty are crowded.,Robot skill half life under shift keeps action-critical alternatives explicit until a physical observation collapses them.
25,doi:10.62311/nesx/rb978-81-972314-7-6,The AI Fusion: Reshaping Industries with Deep Learning and Machine Intelligence,2024,,https://doi.org/10.62311/nesx/rb978-81-972314-7-6,Addresses continual robot learning or a neighboring robotics mechanism.,"Prior work usually predicts, ranks, filters, or imitates observed behavior rather than preserving unrealized branches.",The observed outcome is enough to supervise the model.,"Contact mode support, embodiment limits, and deployment perturbations.","Branch collapse, hidden-mode shift, and tail-risk planning failures.",Generic world models and generic uncertainty are crowded.,Robot skill half life under shift keeps action-critical alternatives explicit until a physical observation collapses them.
26,arxiv:2602.03973v1,VLS: Steering Pretrained Robot Policies via Vision-Language Models,2026,arXiv,http://arxiv.org/abs/2602.03973v1,Addresses continual robot learning or a neighboring robotics mechanism.,"Prior work usually predicts, ranks, filters, or imitates observed behavior rather than preserving unrealized branches.",The observed outcome is enough to supervise the model.,"Contact mode support, embodiment limits, and deployment perturbations.","Branch collapse, hidden-mode shift, and tail-risk planning failures.",Generic world models and generic uncertainty are crowded.,Robot skill half life under shift keeps action-critical alternatives explicit until a physical observation collapses them.
27,arxiv:2508.04384v1,Incorporating Stochastic Models of Controller Behavior into Kinodynamic Efficiently Adaptive State Lattices for Mobile Robot Motion Planning in Off-Road Environments,2025,arXiv,http://arxiv.org/abs/2508.04384v1,Addresses continual robot learning or a neighboring robotics mechanism.,"Prior work usually predicts, ranks, filters, or imitates observed behavior rather than preserving unrealized branches.",The observed outcome is enough to supervise the model.,"Contact mode support, embodiment limits, and deployment perturbations.","Branch collapse, hidden-mode shift, and tail-risk planning failures.",Generic world models and generic uncertainty are crowded.,Robot skill half life under shift keeps action-critical alternatives explicit until a physical observation collapses them.
28,doi:10.1080/15228835.2021.2000554,Caregivers’ use of robots and their effect on work environment – a scoping review,2021,Journal of Technology in Human Services,https://doi.org/10.1080/15228835.2021.2000554,Addresses continual robot learning or a neighboring robotics mechanism.,"Prior work usually predicts, ranks, filters, or imitates observed behavior rather than preserving unrealized branches.",The observed outcome is enough to supervise the model.,"Contact mode support, embodiment limits, and deployment perturbations.","Branch collapse, hidden-mode shift, and tail-risk planning failures.",Generic world models and generic uncertainty are crowded.,Robot skill half life under shift keeps action-critical alternatives explicit until a physical observation collapses them.
29,doi:10.3389/frobt.2024.1468385,How to arrange the robotic environment? Leveraging experience in both motion planning and environment optimization,2024,Frontiers in Robotics and AI,https://doi.org/10.3389/frobt.2024.1468385,Addresses continual robot learning or a neighboring robotics mechanism.,"Prior work usually predicts, ranks, filters, or imitates observed behavior rather than preserving unrealized branches.",The observed outcome is enough to supervise the model.,"Contact mode support, embodiment limits, and deployment perturbations.","Branch collapse, hidden-mode shift, and tail-risk planning failures.",Generic world models and generic uncertainty are crowded.,Robot skill half life under shift keeps action-critical alternatives explicit until a physical observation collapses them.
30,doi:10.18608/jla.2025.8837,Bridging Virtual and Physical,2025,Journal of Learning Analytics,https://doi.org/10.18608/jla.2025.8837,Addresses continual robot learning or a neighboring robotics mechanism.,"Prior work usually predicts, ranks, filters, or imitates observed behavior rather than preserving unrealized branches.",The observed outcome is enough to supervise the model.,"Contact mode support, embodiment limits, and deployment perturbations.","Branch collapse, hidden-mode shift, and tail-risk planning failures.",Generic world models and generic uncertainty are crowded.,Robot skill half life under shift keeps action-critical alternatives explicit until a physical observation collapses them.
31,arxiv:2504.14259v1,Experience-based Refinement of Task Planning Knowledge in Autonomous Robots,2025,arXiv,http://arxiv.org/abs/2504.14259v1,Addresses continual robot learning or a neighboring robotics mechanism.,"Prior work usually predicts, ranks, filters, or imitates observed behavior rather than preserving unrealized branches.",The observed outcome is enough to supervise the model.,"Contact mode support, embodiment limits, and deployment perturbations.","Branch collapse, hidden-mode shift, and tail-risk planning failures.",Generic world models and generic uncertainty are crowded.,Robot skill half life under shift keeps action-critical alternatives explicit until a physical observation collapses them.
32,arxiv:2603.04363v1,ManipulationNet: An Infrastructure for Benchmarking Real-World Robot Manipulation with Physical Skill Challenges and Embodied Multimodal Reasoning,2026,arXiv,http://arxiv.org/abs/2603.04363v1,Addresses continual robot learning or a neighboring robotics mechanism.,"Prior work usually predicts, ranks, filters, or imitates observed behavior rather than preserving unrealized branches.",The observed outcome is enough to supervise the model.,"Contact mode support, embodiment limits, and deployment perturbations.","Branch collapse, hidden-mode shift, and tail-risk planning failures.",Generic world models and generic uncertainty are crowded.,Robot skill half life under shift keeps action-critical alternatives explicit until a physical observation collapses them.
33,doi:10.1007/s44267-025-00075-0,MIRSAM: multimodal vision-language segment anything model for infrared small target detection,2025,Visual Intelligence,https://doi.org/10.1007/s44267-025-00075-0,Addresses continual robot learning or a neighboring robotics mechanism.,"Prior work usually predicts, ranks, filters, or imitates observed behavior rather than preserving unrealized branches.",The observed outcome is enough to supervise the model.,"Contact mode support, embodiment limits, and deployment perturbations.","Branch collapse, hidden-mode shift, and tail-risk planning failures.",Generic world models and generic uncertainty are crowded.,Robot skill half life under shift keeps action-critical alternatives explicit until a physical observation collapses them.
34,doi:10.3390/buildings11040151,"Differentiating Digital Twin from Digital Shadow: Elucidating a Paradigm Shift to Expedite a Smart, Sustainable Built Environment",2021,Buildings,https://doi.org/10.3390/buildings11040151,Addresses continual robot learning or a neighboring robotics mechanism.,"Prior work usually predicts, ranks, filters, or imitates observed behavior rather than preserving unrealized branches.",The observed outcome is enough to supervise the model.,"Contact mode support, embodiment limits, and deployment perturbations.","Branch collapse, hidden-mode shift, and tail-risk planning failures.",Generic world models and generic uncertainty are crowded.,Robot skill half life under shift keeps action-critical alternatives explicit until a physical observation collapses them.
35,doi:10.1109/tcds.2020.2968056,A Framework of Hybrid Force/Motion Skills Learning for Robots,2020,IEEE Transactions on Cognitive and Developmental Systems,https://doi.org/10.1109/tcds.2020.2968056,Addresses continual robot learning or a neighboring robotics mechanism.,"Prior work usually predicts, ranks, filters, or imitates observed behavior rather than preserving unrealized branches.",The observed outcome is enough to supervise the model.,"Contact mode support, embodiment limits, and deployment perturbations.","Branch collapse, hidden-mode shift, and tail-risk planning failures.",Generic world models and generic uncertainty are crowded.,Robot skill half life under shift keeps action-critical alternatives explicit until a physical observation collapses them.
36,doi:10.21125/edulearn.2022.2197,HOW CAN ROBOTICS AND PROGRAMMING AFFECT CHILDREN’S COMPUTATIONAL THINKING SKILLS THROUGH REAL LIFE SCENARIOS?,2022,EDULEARN Proceedings EDULEARN22 Proceedings,https://doi.org/10.21125/edulearn.2022.2197,Addresses continual robot learning or a neighboring robotics mechanism.,"Prior work usually predicts, ranks, filters, or imitates observed behavior rather than preserving unrealized branches.",The observed outcome is enough to supervise the model.,"Contact mode support, embodiment limits, and deployment perturbations.","Branch collapse, hidden-mode shift, and tail-risk planning failures.",Generic world models and generic uncertainty are crowded.,Robot skill half life under shift keeps action-critical alternatives explicit until a physical observation collapses them.
37,arxiv:1911.00969v3,Learning to Scaffold the Development of Robotic Manipulation Skills,2019,arXiv,http://arxiv.org/abs/1911.00969v3,Addresses continual robot learning or a neighboring robotics mechanism.,"Prior work usually predicts, ranks, filters, or imitates observed behavior rather than preserving unrealized branches.",The observed outcome is enough to supervise the model.,"Contact mode support, embodiment limits, and deployment perturbations.","Branch collapse, hidden-mode shift, and tail-risk planning failures.",Generic world models and generic uncertainty are crowded.,Robot skill half life under shift keeps action-critical alternatives explicit until a physical observation collapses them.
38,doi:10.3390/plants14050634,Compliant Motion Planning Integrating Human Skill for Robotic Arm Collecting Tomato Bunch Based on Improved DDPG,2025,Plants,https://doi.org/10.3390/plants14050634,Addresses continual robot learning or a neighboring robotics mechanism.,"Prior work usually predicts, ranks, filters, or imitates observed behavior rather than preserving unrealized branches.",The observed outcome is enough to supervise the model.,"Contact mode support, embodiment limits, and deployment perturbations.","Branch collapse, hidden-mode shift, and tail-risk planning failures.",Generic world models and generic uncertainty are crowded.,Robot skill half life under shift keeps action-critical alternatives explicit until a physical observation collapses them.
39,doi:10.1108/ir-10-2024-0495,Integrating skill knowledge and multimodal information to enhance 3C assembly skills,2025,Industrial Robot: the international journal of robotics research and application,https://doi.org/10.1108/ir-10-2024-0495,Addresses continual robot learning or a neighboring robotics mechanism.,"Prior work usually predicts, ranks, filters, or imitates observed behavior rather than preserving unrealized branches.",The observed outcome is enough to supervise the model.,"Contact mode support, embodiment limits, and deployment perturbations.","Branch collapse, hidden-mode shift, and tail-risk planning failures.",Generic world models and generic uncertainty are crowded.,Robot skill half life under shift keeps action-critical alternatives explicit until a physical observation collapses them.
40,doi:10.64898/2026.01.06.25342815,Cracks in the Foundation: How Data-Hungry and Sensitive to Domain Shift are Vision Foundation Models for Computational Pathology?,,,https://doi.org/10.64898/2026.01.06.25342815,Addresses continual robot learning or a neighboring robotics mechanism.,"Prior work usually predicts, ranks, filters, or imitates observed behavior rather than preserving unrealized branches.",The observed outcome is enough to supervise the model.,"Contact mode support, embodiment limits, and deployment perturbations.","Branch collapse, hidden-mode shift, and tail-risk planning failures.",Generic world models and generic uncertainty are crowded.,Robot skill half life under shift keeps action-critical alternatives explicit until a physical observation collapses them.
41,doi:10.1177/02783649251352112,Hierarchical task decomposition for execution monitoring and error recovery: Understanding the rationale behind task demonstrations,2026,The International Journal of Robotics Research,https://doi.org/10.1177/02783649251352112,Addresses continual robot learning or a neighboring robotics mechanism.,"Prior work usually predicts, ranks, filters, or imitates observed behavior rather than preserving unrealized branches.",The observed outcome is enough to supervise the model.,"Contact mode support, embodiment limits, and deployment perturbations.","Branch collapse, hidden-mode shift, and tail-risk planning failures.",Generic world models and generic uncertainty are crowded.,Robot skill half life under shift keeps action-critical alternatives explicit until a physical observation collapses them.
42,doi:10.1177/2399654420968112,"Incompatible with life: Embodied borders, migrant fertility, and the UK’s ‘hostile environment’",2021,Environment and Planning C: Politics and Space,https://doi.org/10.1177/2399654420968112,Addresses continual robot learning or a neighboring robotics mechanism.,"Prior work usually predicts, ranks, filters, or imitates observed behavior rather than preserving unrealized branches.",The observed outcome is enough to supervise the model.,"Contact mode support, embodiment limits, and deployment perturbations.","Branch collapse, hidden-mode shift, and tail-risk planning failures.",Generic world models and generic uncertainty are crowded.,Robot skill half life under shift keeps action-critical alternatives explicit until a physical observation collapses them.
43,doi:10.1109/tase.2017.2743000,Interface Design of a Physical Human–Robot Interaction System for Human Impedance Adaptive Skill Transfer,2017,IEEE Transactions on Automation Science and Engineering,https://doi.org/10.1109/tase.2017.2743000,Addresses continual robot learning or a neighboring robotics mechanism.,"Prior work usually predicts, ranks, filters, or imitates observed behavior rather than preserving unrealized branches.",The observed outcome is enough to supervise the model.,"Contact mode support, embodiment limits, and deployment perturbations.","Branch collapse, hidden-mode shift, and tail-risk planning failures.",Generic world models and generic uncertainty are crowded.,Robot skill half life under shift keeps action-critical alternatives explicit until a physical observation collapses them.
44,doi:10.1177/0278364917743795,Learning manipulation skills from a single demonstration,2018,The International Journal of Robotics Research,https://doi.org/10.1177/0278364917743795,Addresses continual robot learning or a neighboring robotics mechanism.,"Prior work usually predicts, ranks, filters, or imitates observed behavior rather than preserving unrealized branches.",The observed outcome is enough to supervise the model.,"Contact mode support, embodiment limits, and deployment perturbations.","Branch collapse, hidden-mode shift, and tail-risk planning failures.",Generic world models and generic uncertainty are crowded.,Robot skill half life under shift keeps action-critical alternatives explicit until a physical observation collapses them.
45,doi:10.1142/s2424905x21500069,Evaluation of Pre-Training with the da Vinci Skills Simulator on Motor Skill Acquisition in a Surgical Robotics Curriculum,2021,Journal of Medical Robotics Research,https://doi.org/10.1142/s2424905x21500069,Addresses continual robot learning or a neighboring robotics mechanism.,"Prior work usually predicts, ranks, filters, or imitates observed behavior rather than preserving unrealized branches.",The observed outcome is enough to supervise the model.,"Contact mode support, embodiment limits, and deployment perturbations.","Branch collapse, hidden-mode shift, and tail-risk planning failures.",Generic world models and generic uncertainty are crowded.,Robot skill half life under shift keeps action-critical alternatives explicit until a physical observation collapses them.
46,doi:10.20944/preprints202603.1578.v1,Continual Test-Time Adaptation: A Comprehensive Survey,,,https://doi.org/10.20944/preprints202603.1578.v1,Addresses continual robot learning or a neighboring robotics mechanism.,"Prior work usually predicts, ranks, filters, or imitates observed behavior rather than preserving unrealized branches.",The observed outcome is enough to supervise the model.,"Contact mode support, embodiment limits, and deployment perturbations.","Branch collapse, hidden-mode shift, and tail-risk planning failures.",Generic world models and generic uncertainty are crowded.,Robot skill half life under shift keeps action-critical alternatives explicit until a physical observation collapses them.
47,doi:10.1126/scirobotics.adp0751,Development of compositionality through interactive learning of language and action of robots,2025,Science Robotics,https://doi.org/10.1126/scirobotics.adp0751,Addresses continual robot learning or a neighboring robotics mechanism.,"Prior work usually predicts, ranks, filters, or imitates observed behavior rather than preserving unrealized branches.",The observed outcome is enough to supervise the model.,"Contact mode support, embodiment limits, and deployment perturbations.","Branch collapse, hidden-mode shift, and tail-risk planning failures.",Generic world models and generic uncertainty are crowded.,Robot skill half life under shift keeps action-critical alternatives explicit until a physical observation collapses them.
48,doi:10.3390/s21237830,A Digital Twin Approach for the Improvement of an Autonomous Mobile Robots (AMR’s) Operating Environment—A Case Study,2021,Sensors,https://doi.org/10.3390/s21237830,Addresses continual robot learning or a neighboring robotics mechanism.,"Prior work usually predicts, ranks, filters, or imitates observed behavior rather than preserving unrealized branches.",The observed outcome is enough to supervise the model.,"Contact mode support, embodiment limits, and deployment perturbations.","Branch collapse, hidden-mode shift, and tail-risk planning failures.",Generic world models and generic uncertainty are crowded.,Robot skill half life under shift keeps action-critical alternatives explicit until a physical observation collapses them.
49,arxiv:2509.13780v1,Behavior Foundation Model for Humanoid Robots,2025,arXiv,http://arxiv.org/abs/2509.13780v1,Addresses continual robot learning or a neighboring robotics mechanism.,"Prior work usually predicts, ranks, filters, or imitates observed behavior rather than preserving unrealized branches.",The observed outcome is enough to supervise the model.,"Contact mode support, embodiment limits, and deployment perturbations.","Branch collapse, hidden-mode shift, and tail-risk planning failures.",Generic world models and generic uncertainty are crowded.,Robot skill half life under shift keeps action-critical alternatives explicit until a physical observation collapses them.
50,doi:10.1016/j.techsoc.2025.103029,"Institutional adaptability, skill-bias technological shifts, and energy efficiency in global decarbonization pathways: Exploring the role of artificial intelligence patents",2025,Technology in Society,https://doi.org/10.1016/j.techsoc.2025.103029,Addresses continual robot learning or a neighboring robotics mechanism.,"Prior work usually predicts, ranks, filters, or imitates observed behavior rather than preserving unrealized branches.",The observed outcome is enough to supervise the model.,"Contact mode support, embodiment limits, and deployment perturbations.","Branch collapse, hidden-mode shift, and tail-risk planning failures.",Generic world models and generic uncertainty are crowded.,Robot skill half life under shift keeps action-critical alternatives explicit until a physical observation collapses them.
51,doi:10.1080/00207179.2011.642309,Learning impedance control for physical robot–environment interaction,2012,International Journal of Control,https://doi.org/10.1080/00207179.2011.642309,Addresses continual robot learning or a neighboring robotics mechanism.,"Prior work usually predicts, ranks, filters, or imitates observed behavior rather than preserving unrealized branches.",The observed outcome is enough to supervise the model.,"Contact mode support, embodiment limits, and deployment perturbations.","Branch collapse, hidden-mode shift, and tail-risk planning failures.",Generic world models and generic uncertainty are crowded.,Robot skill half life under shift keeps action-critical alternatives explicit until a physical observation collapses them.
52,arxiv:2311.01457v1,Conformal Policy Learning for Sensorimotor Control Under Distribution Shifts,2023,arXiv,http://arxiv.org/abs/2311.01457v1,Addresses continual robot learning or a neighboring robotics mechanism.,"Prior work usually predicts, ranks, filters, or imitates observed behavior rather than preserving unrealized branches.",The observed outcome is enough to supervise the model.,"Contact mode support, embodiment limits, and deployment perturbations.","Branch collapse, hidden-mode shift, and tail-risk planning failures.",Generic world models and generic uncertainty are crowded.,Robot skill half life under shift keeps action-critical alternatives explicit until a physical observation collapses them.
53,doi:10.15607/rss.2025.xxi.150,Manual2Skill: Learning to Read Manuals and Acquire Robotic Skills for Furniture Assembly Using Vision-Language Models,2025,Robotics: Science and Systems XXI,https://doi.org/10.15607/rss.2025.xxi.150,Addresses continual robot learning or a neighboring robotics mechanism.,"Prior work usually predicts, ranks, filters, or imitates observed behavior rather than preserving unrealized branches.",The observed outcome is enough to supervise the model.,"Contact mode support, embodiment limits, and deployment perturbations.","Branch collapse, hidden-mode shift, and tail-risk planning failures.",Generic world models and generic uncertainty are crowded.,Robot skill half life under shift keeps action-critical alternatives explicit until a physical observation collapses them.
54,doi:10.1145/3491102.3501927,ASTEROIDS: Exploring Swarms of Mini-Telepresence Robots for Physical Skill Demonstration,2022,CHI Conference on Human Factors in Computing Systems,https://doi.org/10.1145/3491102.3501927,Addresses continual robot learning or a neighboring robotics mechanism.,"Prior work usually predicts, ranks, filters, or imitates observed behavior rather than preserving unrealized branches.",The observed outcome is enough to supervise the model.,"Contact mode support, embodiment limits, and deployment perturbations.","Branch collapse, hidden-mode shift, and tail-risk planning failures.",Generic world models and generic uncertainty are crowded.,Robot skill half life under shift keeps action-critical alternatives explicit until a physical observation collapses them.
55,doi:10.3390/atmos13081321,A Coverage Sampling Path Planning Method Suitable for UAV 3D Space Atmospheric Environment Detection,2022,Atmosphere,https://doi.org/10.3390/atmos13081321,Addresses continual robot learning or a neighboring robotics mechanism.,"Prior work usually predicts, ranks, filters, or imitates observed behavior rather than preserving unrealized branches.",The observed outcome is enough to supervise the model.,"Contact mode support, embodiment limits, and deployment perturbations.","Branch collapse, hidden-mode shift, and tail-risk planning failures.",Generic world models and generic uncertainty are crowded.,Robot skill half life under shift keeps action-critical alternatives explicit until a physical observation collapses them.
56,doi:10.3390/robotics12040104,Skill Fusion in Hybrid Robotic Framework for Visual Object Goal Navigation,2023,Robotics,https://doi.org/10.3390/robotics12040104,Addresses continual robot learning or a neighboring robotics mechanism.,"Prior work usually predicts, ranks, filters, or imitates observed behavior rather than preserving unrealized branches.",The observed outcome is enough to supervise the model.,"Contact mode support, embodiment limits, and deployment perturbations.","Branch collapse, hidden-mode shift, and tail-risk planning failures.",Generic world models and generic uncertainty are crowded.,Robot skill half life under shift keeps action-critical alternatives explicit until a physical observation collapses them.
57,doi:10.20944/preprints202605.0070.v1,How does Active Learning Tackle Domain Adaptation: A Survey on Active Domain Adaptation and Active Continual Learning,,,https://doi.org/10.20944/preprints202605.0070.v1,Addresses continual robot learning or a neighboring robotics mechanism.,"Prior work usually predicts, ranks, filters, or imitates observed behavior rather than preserving unrealized branches.",The observed outcome is enough to supervise the model.,"Contact mode support, embodiment limits, and deployment perturbations.","Branch collapse, hidden-mode shift, and tail-risk planning failures.",Generic world models and generic uncertainty are crowded.,Robot skill half life under shift keeps action-critical alternatives explicit until a physical observation collapses them.
58,arxiv:2412.14097v1,Adaptive Concept Bottleneck for Foundation Models Under Distribution Shifts,2024,arXiv,http://arxiv.org/abs/2412.14097v1,Addresses continual robot learning or a neighboring robotics mechanism.,"Prior work usually predicts, ranks, filters, or imitates observed behavior rather than preserving unrealized branches.",The observed outcome is enough to supervise the model.,"Contact mode support, embodiment limits, and deployment perturbations.","Branch collapse, hidden-mode shift, and tail-risk planning failures.",Generic world models and generic uncertainty are crowded.,Robot skill half life under shift keeps action-critical alternatives explicit until a physical observation collapses them.
59,doi:10.1002/itl2.70140,Lightweight Vision‐Language Model for Fashion Design in IoT Environment,2025,Internet Technology Letters,https://doi.org/10.1002/itl2.70140,Addresses continual robot learning or a neighboring robotics mechanism.,"Prior work usually predicts, ranks, filters, or imitates observed behavior rather than preserving unrealized branches.",The observed outcome is enough to supervise the model.,"Contact mode support, embodiment limits, and deployment perturbations.","Branch collapse, hidden-mode shift, and tail-risk planning failures.",Generic world models and generic uncertainty are crowded.,Robot skill half life under shift keeps action-critical alternatives explicit until a physical observation collapses them.
60,doi:10.52783/jisem.v10i50s.10219,Self-Supervised Learning for Generalizable AI: Bridging the Gap Between Pretraining and Real-World Deployment,2025,Journal of Information Systems Engineering and Management,https://doi.org/10.52783/jisem.v10i50s.10219,Addresses continual robot learning or a neighboring robotics mechanism.,"Prior work usually predicts, ranks, filters, or imitates observed behavior rather than preserving unrealized branches.",The observed outcome is enough to supervise the model.,"Contact mode support, embodiment limits, and deployment perturbations.","Branch collapse, hidden-mode shift, and tail-risk planning failures.",Generic world models and generic uncertainty are crowded.,Robot skill half life under shift keeps action-critical alternatives explicit until a physical observation collapses them.
61,doi:10.1109/iros.1990.262400,An integrated tele-robotics system with a geometric environment model and manipulation skills,2002,,https://doi.org/10.1109/iros.1990.262400,Addresses continual robot learning or a neighboring robotics mechanism.,"Prior work usually predicts, ranks, filters, or imitates observed behavior rather than preserving unrealized branches.",The observed outcome is enough to supervise the model.,"Contact mode support, embodiment limits, and deployment perturbations.","Branch collapse, hidden-mode shift, and tail-risk planning failures.",Generic world models and generic uncertainty are crowded.,Robot skill half life under shift keeps action-critical alternatives explicit until a physical observation collapses them.
62,doi:10.1177/2158244020958736,Bridging the Skill Gap in Robotics: Global and National Environment,2020,SAGE Open,https://doi.org/10.1177/2158244020958736,Addresses continual robot learning or a neighboring robotics mechanism.,"Prior work usually predicts, ranks, filters, or imitates observed behavior rather than preserving unrealized branches.",The observed outcome is enough to supervise the model.,"Contact mode support, embodiment limits, and deployment perturbations.","Branch collapse, hidden-mode shift, and tail-risk planning failures.",Generic world models and generic uncertainty are crowded.,Robot skill half life under shift keeps action-critical alternatives explicit until a physical observation collapses them.
63,doi:10.24963/ijcai.2025/1168,A Comprehensive Survey on Physical Risk Control in the Era of Foundation Model-enabled Robotics,2025,Proceedings of the Thirty-Fourth International Joint Conference on Artificial Intelligence,https://doi.org/10.24963/ijcai.2025/1168,Addresses continual robot learning or a neighboring robotics mechanism.,"Prior work usually predicts, ranks, filters, or imitates observed behavior rather than preserving unrealized branches.",The observed outcome is enough to supervise the model.,"Contact mode support, embodiment limits, and deployment perturbations.","Branch collapse, hidden-mode shift, and tail-risk planning failures.",Generic world models and generic uncertainty are crowded.,Robot skill half life under shift keeps action-critical alternatives explicit until a physical observation collapses them.
64,doi:10.3390/rs15041076,HTDet: A Hybrid Transformer-Based Approach for Underwater Small Object Detection,2023,Remote Sensing,https://doi.org/10.3390/rs15041076,Addresses continual robot learning or a neighboring robotics mechanism.,"Prior work usually predicts, ranks, filters, or imitates observed behavior rather than preserving unrealized branches.",The observed outcome is enough to supervise the model.,"Contact mode support, embodiment limits, and deployment perturbations.","Branch collapse, hidden-mode shift, and tail-risk planning failures.",Generic world models and generic uncertainty are crowded.,Robot skill half life under shift keeps action-critical alternatives explicit until a physical observation collapses them.
65,arxiv:2503.21676v2,"How do language models learn facts? Dynamics, curricula and hallucinations",2025,arXiv,http://arxiv.org/abs/2503.21676v2,Addresses continual robot learning or a neighboring robotics mechanism.,"Prior work usually predicts, ranks, filters, or imitates observed behavior rather than preserving unrealized branches.",The observed outcome is enough to supervise the model.,"Contact mode support, embodiment limits, and deployment perturbations.","Branch collapse, hidden-mode shift, and tail-risk planning failures.",Generic world models and generic uncertainty are crowded.,Robot skill half life under shift keeps action-critical alternatives explicit until a physical observation collapses them.
66,doi:10.1109/roman.2007.4415151,Picking Instruction with Task Model for a Robot in a Daily life Environment,2007,RO-MAN 2007 - The 16th IEEE International Symposium on Robot and Human Interactive Communication,https://doi.org/10.1109/roman.2007.4415151,Addresses continual robot learning or a neighboring robotics mechanism.,"Prior work usually predicts, ranks, filters, or imitates observed behavior rather than preserving unrealized branches.",The observed outcome is enough to supervise the model.,"Contact mode support, embodiment limits, and deployment perturbations.","Branch collapse, hidden-mode shift, and tail-risk planning failures.",Generic world models and generic uncertainty are crowded.,Robot skill half life under shift keeps action-critical alternatives explicit until a physical observation collapses them.
67,doi:10.1007/s12525-022-00613-4,"Users taking the blame? How service failure, recovery, and robot design affect user attributions and retention",2022,Electronic Markets,https://doi.org/10.1007/s12525-022-00613-4,Addresses continual robot learning or a neighboring robotics mechanism.,"Prior work usually predicts, ranks, filters, or imitates observed behavior rather than preserving unrealized branches.",The observed outcome is enough to supervise the model.,"Contact mode support, embodiment limits, and deployment perturbations.","Branch collapse, hidden-mode shift, and tail-risk planning failures.",Generic world models and generic uncertainty are crowded.,Robot skill half life under shift keeps action-critical alternatives explicit until a physical observation collapses them.
68,doi:10.1109/biorob49111.2020.9224382,Enhancing Robot-Environment Physical Interaction via Optimal Impedance Profiles,2020,,https://doi.org/10.1109/biorob49111.2020.9224382,Addresses continual robot learning or a neighboring robotics mechanism.,"Prior work usually predicts, ranks, filters, or imitates observed behavior rather than preserving unrealized branches.",The observed outcome is enough to supervise the model.,"Contact mode support, embodiment limits, and deployment perturbations.","Branch collapse, hidden-mode shift, and tail-risk planning failures.",Generic world models and generic uncertainty are crowded.,Robot skill half life under shift keeps action-critical alternatives explicit until a physical observation collapses them.
69,arxiv:2006.06444v2,Learning compositional models of robot skills for task and motion planning,2020,arXiv,http://arxiv.org/abs/2006.06444v2,Addresses continual robot learning or a neighboring robotics mechanism.,"Prior work usually predicts, ranks, filters, or imitates observed behavior rather than preserving unrealized branches.",The observed outcome is enough to supervise the model.,"Contact mode support, embodiment limits, and deployment perturbations.","Branch collapse, hidden-mode shift, and tail-risk planning failures.",Generic world models and generic uncertainty are crowded.,Robot skill half life under shift keeps action-critical alternatives explicit until a physical observation collapses them.
70,arxiv:2504.17901v2,Beyond Task and Motion Planning: Hierarchical Robot Planning with General-Purpose Skills,2025,arXiv,http://arxiv.org/abs/2504.17901v2,Addresses continual robot learning or a neighboring robotics mechanism.,"Prior work usually predicts, ranks, filters, or imitates observed behavior rather than preserving unrealized branches.",The observed outcome is enough to supervise the model.,"Contact mode support, embodiment limits, and deployment perturbations.","Branch collapse, hidden-mode shift, and tail-risk planning failures.",Generic world models and generic uncertainty are crowded.,Robot skill half life under shift keeps action-critical alternatives explicit until a physical observation collapses them.
71,doi:10.48550/arxiv.2206.14176,DayDreamer: World Models for Physical Robot Learning,2022,arXiv (Cornell University),https://doi.org/10.48550/arxiv.2206.14176,Addresses continual robot learning or a neighboring robotics mechanism.,"Prior work usually predicts, ranks, filters, or imitates observed behavior rather than preserving unrealized branches.",The observed outcome is enough to supervise the model.,"Contact mode support, embodiment limits, and deployment perturbations.","Branch collapse, hidden-mode shift, and tail-risk planning failures.",Generic world models and generic uncertainty are crowded.,Robot skill half life under shift keeps action-critical alternatives explicit until a physical observation collapses them.
72,doi:10.4271/2002-01-1174,Life Estimating Techniques for Failure Mode Identification Testing Methods,2002,SAE Technical Paper Series,https://doi.org/10.4271/2002-01-1174,Addresses continual robot learning or a neighboring robotics mechanism.,"Prior work usually predicts, ranks, filters, or imitates observed behavior rather than preserving unrealized branches.",The observed outcome is enough to supervise the model.,"Contact mode support, embodiment limits, and deployment perturbations.","Branch collapse, hidden-mode shift, and tail-risk planning failures.",Generic world models and generic uncertainty are crowded.,Robot skill half life under shift keeps action-critical alternatives explicit until a physical observation collapses them.
73,doi:10.1109/tii.2020.2984482,Simultaneously Encoding Movement and sEMG-Based Stiffness for Robotic Skill Learning,2020,IEEE Transactions on Industrial Informatics,https://doi.org/10.1109/tii.2020.2984482,Addresses continual robot learning or a neighboring robotics mechanism.,"Prior work usually predicts, ranks, filters, or imitates observed behavior rather than preserving unrealized branches.",The observed outcome is enough to supervise the model.,"Contact mode support, embodiment limits, and deployment perturbations.","Branch collapse, hidden-mode shift, and tail-risk planning failures.",Generic world models and generic uncertainty are crowded.,Robot skill half life under shift keeps action-critical alternatives explicit until a physical observation collapses them.
74,arxiv:2410.17188v2,Minimum-Violation Temporal Logic Planning for Heterogeneous Robots under Robot Skill Failures,2024,arXiv,http://arxiv.org/abs/2410.17188v2,Addresses continual robot learning or a neighboring robotics mechanism.,"Prior work usually predicts, ranks, filters, or imitates observed behavior rather than preserving unrealized branches.",The observed outcome is enough to supervise the model.,"Contact mode support, embodiment limits, and deployment perturbations.","Branch collapse, hidden-mode shift, and tail-risk planning failures.",Generic world models and generic uncertainty are crowded.,Robot skill half life under shift keeps action-critical alternatives explicit until a physical observation collapses them.
75,doi:10.4018/979-8-3693-5477-3.ch002,Levelling Up Language Skills,2025,Advances in Computational Intelligence and Robotics Harnessing AI for Multigenerational English Language Learning,https://doi.org/10.4018/979-8-3693-5477-3.ch002,Addresses continual robot learning or a neighboring robotics mechanism.,"Prior work usually predicts, ranks, filters, or imitates observed behavior rather than preserving unrealized branches.",The observed outcome is enough to supervise the model.,"Contact mode support, embodiment limits, and deployment perturbations.","Branch collapse, hidden-mode shift, and tail-risk planning failures.",Generic world models and generic uncertainty are crowded.,Robot skill half life under shift keeps action-critical alternatives explicit until a physical observation collapses them.
76,doi:10.3390/s20071935,Developing an Interactive Environment through the Teaching of Mathematics with Small Robots,2020,Sensors,https://doi.org/10.3390/s20071935,Addresses continual robot learning or a neighboring robotics mechanism.,"Prior work usually predicts, ranks, filters, or imitates observed behavior rather than preserving unrealized branches.",The observed outcome is enough to supervise the model.,"Contact mode support, embodiment limits, and deployment perturbations.","Branch collapse, hidden-mode shift, and tail-risk planning failures.",Generic world models and generic uncertainty are crowded.,Robot skill half life under shift keeps action-critical alternatives explicit until a physical observation collapses them.
77,doi:10.1609/aaai.v39i27.35109,From Large Language Models to Large Action Models: Reasoning and Planning with Physical World Knowledge,2025,Proceedings of the AAAI Conference on Artificial Intelligence,https://doi.org/10.1609/aaai.v39i27.35109,Addresses continual robot learning or a neighboring robotics mechanism.,"Prior work usually predicts, ranks, filters, or imitates observed behavior rather than preserving unrealized branches.",The observed outcome is enough to supervise the model.,"Contact mode support, embodiment limits, and deployment perturbations.","Branch collapse, hidden-mode shift, and tail-risk planning failures.",Generic world models and generic uncertainty are crowded.,Robot skill half life under shift keeps action-critical alternatives explicit until a physical observation collapses them.
78,doi:10.1007/s40194-025-02293-y,Fatigue life evaluation of root failure in welded joints based on displacement around the weld root,2025,Welding in the World,https://doi.org/10.1007/s40194-025-02293-y,Addresses continual robot learning or a neighboring robotics mechanism.,"Prior work usually predicts, ranks, filters, or imitates observed behavior rather than preserving unrealized branches.",The observed outcome is enough to supervise the model.,"Contact mode support, embodiment limits, and deployment perturbations.","Branch collapse, hidden-mode shift, and tail-risk planning failures.",Generic world models and generic uncertainty are crowded.,Robot skill half life under shift keeps action-critical alternatives explicit until a physical observation collapses them.
79,doi:10.22541/au.176340960.02660820/v1,The Temporal Gap in Static Benchmarks: How Outdated Facts Distort Large Language Model Factual Accuracy Assessment,,,https://doi.org/10.22541/au.176340960.02660820/v1,Addresses continual robot learning or a neighboring robotics mechanism.,"Prior work usually predicts, ranks, filters, or imitates observed behavior rather than preserving unrealized branches.",The observed outcome is enough to supervise the model.,"Contact mode support, embodiment limits, and deployment perturbations.","Branch collapse, hidden-mode shift, and tail-risk planning failures.",Generic world models and generic uncertainty are crowded.,Robot skill half life under shift keeps action-critical alternatives explicit until a physical observation collapses them.
80,doi:10.62270/jirmcs.v3i2.38,An Intelligent Algorithm for Evaluating Martial Arts Teaching Skills Based on Complex Picture Fuzzy Dombi Aggregation Operator,2024,Journal of Innovative Research in Mathematical and Computational Sciences,https://doi.org/10.62270/jirmcs.v3i2.38,Addresses continual robot learning or a neighboring robotics mechanism.,"Prior work usually predicts, ranks, filters, or imitates observed behavior rather than preserving unrealized branches.",The observed outcome is enough to supervise the model.,"Contact mode support, embodiment limits, and deployment perturbations.","Branch collapse, hidden-mode shift, and tail-risk planning failures.",Generic world models and generic uncertainty are crowded.,Robot skill half life under shift keeps action-critical alternatives explicit until a physical observation collapses them.
81,doi:10.1108/ejtd-10-2019-0183,An empirical study of displaceable job skills in the age of robots,2020,European journal of training and development,https://doi.org/10.1108/ejtd-10-2019-0183,Addresses continual robot learning or a neighboring robotics mechanism.,"Prior work usually predicts, ranks, filters, or imitates observed behavior rather than preserving unrealized branches.",The observed outcome is enough to supervise the model.,"Contact mode support, embodiment limits, and deployment perturbations.","Branch collapse, hidden-mode shift, and tail-risk planning failures.",Generic world models and generic uncertainty are crowded.,Robot skill half life under shift keeps action-critical alternatives explicit until a physical observation collapses them.
82,doi:10.1177/0278364920987859,How to train your robot with deep reinforcement learning: lessons we have learned,2021,The International Journal of Robotics Research,https://doi.org/10.1177/0278364920987859,Addresses continual robot learning or a neighboring robotics mechanism.,"Prior work usually predicts, ranks, filters, or imitates observed behavior rather than preserving unrealized branches.",The observed outcome is enough to supervise the model.,"Contact mode support, embodiment limits, and deployment perturbations.","Branch collapse, hidden-mode shift, and tail-risk planning failures.",Generic world models and generic uncertainty are crowded.,Robot skill half life under shift keeps action-critical alternatives explicit until a physical observation collapses them.
83,arxiv:2604.25788v2,KinDER: A Physical Reasoning Benchmark for Robot Learning and Planning,2026,arXiv,http://arxiv.org/abs/2604.25788v2,Addresses continual robot learning or a neighboring robotics mechanism.,"Prior work usually predicts, ranks, filters, or imitates observed behavior rather than preserving unrealized branches.",The observed outcome is enough to supervise the model.,"Contact mode support, embodiment limits, and deployment perturbations.","Branch collapse, hidden-mode shift, and tail-risk planning failures.",Generic world models and generic uncertainty are crowded.,Robot skill half life under shift keeps action-critical alternatives explicit until a physical observation collapses them.
84,doi:10.1609/aaai.v39i18.34133,PALM: Pushing Adaptive Learning Rate Mechanisms for Continual Test-Time Adaptation,2025,Proceedings of the AAAI Conference on Artificial Intelligence,https://doi.org/10.1609/aaai.v39i18.34133,Addresses continual robot learning or a neighboring robotics mechanism.,"Prior work usually predicts, ranks, filters, or imitates observed behavior rather than preserving unrealized branches.",The observed outcome is enough to supervise the model.,"Contact mode support, embodiment limits, and deployment perturbations.","Branch collapse, hidden-mode shift, and tail-risk planning failures.",Generic world models and generic uncertainty are crowded.,Robot skill half life under shift keeps action-critical alternatives explicit until a physical observation collapses them.
85,doi:10.3390/fi12110205,Failure Mode and Effect Analysis for Cyber-Physical Systems,2020,Future Internet,https://doi.org/10.3390/fi12110205,Addresses continual robot learning or a neighboring robotics mechanism.,"Prior work usually predicts, ranks, filters, or imitates observed behavior rather than preserving unrealized branches.",The observed outcome is enough to supervise the model.,"Contact mode support, embodiment limits, and deployment perturbations.","Branch collapse, hidden-mode shift, and tail-risk planning failures.",Generic world models and generic uncertainty are crowded.,Robot skill half life under shift keeps action-critical alternatives explicit until a physical observation collapses them.
86,doi:10.18178/ijiet.2020.10.3.1358,Virtual Reality: Development of an Integrated Learning Environment for Education,2020,International Journal of Information and Education Technology,https://doi.org/10.18178/ijiet.2020.10.3.1358,Addresses continual robot learning or a neighboring robotics mechanism.,"Prior work usually predicts, ranks, filters, or imitates observed behavior rather than preserving unrealized branches.",The observed outcome is enough to supervise the model.,"Contact mode support, embodiment limits, and deployment perturbations.","Branch collapse, hidden-mode shift, and tail-risk planning failures.",Generic world models and generic uncertainty are crowded.,Robot skill half life under shift keeps action-critical alternatives explicit until a physical observation collapses them.
87,doi:10.1002/rcs.185,Development of the VBLaST ™ : a virtual basic laparoscopic skill trainer,2008,The International Journal of Medical Robotics and Computer Assisted Surgery,https://doi.org/10.1002/rcs.185,Addresses continual robot learning or a neighboring robotics mechanism.,"Prior work usually predicts, ranks, filters, or imitates observed behavior rather than preserving unrealized branches.",The observed outcome is enough to supervise the model.,"Contact mode support, embodiment limits, and deployment perturbations.","Branch collapse, hidden-mode shift, and tail-risk planning failures.",Generic world models and generic uncertainty are crowded.,Robot skill half life under shift keeps action-critical alternatives explicit until a physical observation collapses them.
88,arxiv:2312.08820v3,How to Raise a Robot -- A Case for Neuro-Symbolic AI in Constrained Task Planning for Humanoid Assistive Robots,2023,arXiv,http://arxiv.org/abs/2312.08820v3,Addresses continual robot learning or a neighboring robotics mechanism.,"Prior work usually predicts, ranks, filters, or imitates observed behavior rather than preserving unrealized branches.",The observed outcome is enough to supervise the model.,"Contact mode support, embodiment limits, and deployment perturbations.","Branch collapse, hidden-mode shift, and tail-risk planning failures.",Generic world models and generic uncertainty are crowded.,Robot skill half life under shift keeps action-critical alternatives explicit until a physical observation collapses them.
89,doi:10.1109/iros47612.2022.9981728,Passivity-Based Skill Motion Learning in Stiffness-Adaptive Unified Force-Impedance Control,2022,2022 IEEE/RSJ International Conference on Intelligent Robots and Systems (IROS),https://doi.org/10.1109/iros47612.2022.9981728,Addresses continual robot learning or a neighboring robotics mechanism.,"Prior work usually predicts, ranks, filters, or imitates observed behavior rather than preserving unrealized branches.",The observed outcome is enough to supervise the model.,"Contact mode support, embodiment limits, and deployment perturbations.","Branch collapse, hidden-mode shift, and tail-risk planning failures.",Generic world models and generic uncertainty are crowded.,Robot skill half life under shift keeps action-critical alternatives explicit until a physical observation collapses them.
90,doi:10.24963/ijcai.2024/1168,A Comprehensive Survey on Physical Risk Control in the Era of Foundation Model-enabled Robotics,2024,Proceedings of the Thirty-ThirdInternational Joint Conference on Artificial Intelligence,https://doi.org/10.24963/ijcai.2024/1168,Addresses continual robot learning or a neighboring robotics mechanism.,"Prior work usually predicts, ranks, filters, or imitates observed behavior rather than preserving unrealized branches.",The observed outcome is enough to supervise the model.,"Contact mode support, embodiment limits, and deployment perturbations.","Branch collapse, hidden-mode shift, and tail-risk planning failures.",Generic world models and generic uncertainty are crowded.,Robot skill half life under shift keeps action-critical alternatives explicit until a physical observation collapses them.
91,doi:10.1145/3546790.3546791,Interactive continual learning for robots: a neuromorphic approach,2022,,https://doi.org/10.1145/3546790.3546791,Addresses continual robot learning or a neighboring robotics mechanism.,"Prior work usually predicts, ranks, filters, or imitates observed behavior rather than preserving unrealized branches.",The observed outcome is enough to supervise the model.,"Contact mode support, embodiment limits, and deployment perturbations.","Branch collapse, hidden-mode shift, and tail-risk planning failures.",Generic world models and generic uncertainty are crowded.,Robot skill half life under shift keeps action-critical alternatives explicit until a physical observation collapses them.
92,doi:10.1109/iros.2016.7759434,Robotic playing for hierarchical complex skill learning,2016,,https://doi.org/10.1109/iros.2016.7759434,Addresses continual robot learning or a neighboring robotics mechanism.,"Prior work usually predicts, ranks, filters, or imitates observed behavior rather than preserving unrealized branches.",The observed outcome is enough to supervise the model.,"Contact mode support, embodiment limits, and deployment perturbations.","Branch collapse, hidden-mode shift, and tail-risk planning failures.",Generic world models and generic uncertainty are crowded.,Robot skill half life under shift keeps action-critical alternatives explicit until a physical observation collapses them.
93,doi:10.18466/cbayarfbe.1738853,Comparative Analysis of PID and Sliding Mode Control for a 3-DoF RRR Robot Arm,2025,Celal Bayar Üniversitesi Fen Bilimleri Dergisi,https://doi.org/10.18466/cbayarfbe.1738853,Addresses continual robot learning or a neighboring robotics mechanism.,"Prior work usually predicts, ranks, filters, or imitates observed behavior rather than preserving unrealized branches.",The observed outcome is enough to supervise the model.,"Contact mode support, embodiment limits, and deployment perturbations.","Branch collapse, hidden-mode shift, and tail-risk planning failures.",Generic world models and generic uncertainty are crowded.,Robot skill half life under shift keeps action-critical alternatives explicit until a physical observation collapses them.
94,doi:10.1002/aisy.202100047,Interactive Force Control Based on Multimodal Robot Skin for Physical Human−Robot Collaboration,2022,Advanced Intelligent Systems,https://doi.org/10.1002/aisy.202100047,Addresses continual robot learning or a neighboring robotics mechanism.,"Prior work usually predicts, ranks, filters, or imitates observed behavior rather than preserving unrealized branches.",The observed outcome is enough to supervise the model.,"Contact mode support, embodiment limits, and deployment perturbations.","Branch collapse, hidden-mode shift, and tail-risk planning failures.",Generic world models and generic uncertainty are crowded.,Robot skill half life under shift keeps action-critical alternatives explicit until a physical observation collapses them.
95,doi:10.3389/frobt.2021.625003,Motion Smoothness Metrics for Cannulation Skill Assessment: What Factors Matter?,2021,Frontiers in Robotics and AI,https://doi.org/10.3389/frobt.2021.625003,Addresses continual robot learning or a neighboring robotics mechanism.,"Prior work usually predicts, ranks, filters, or imitates observed behavior rather than preserving unrealized branches.",The observed outcome is enough to supervise the model.,"Contact mode support, embodiment limits, and deployment perturbations.","Branch collapse, hidden-mode shift, and tail-risk planning failures.",Generic world models and generic uncertainty are crowded.,Robot skill half life under shift keeps action-critical alternatives explicit until a physical observation collapses them.
96,doi:10.18196/jrc.v4i6.20216,Enhancing Fault Detection in Wireless Sensor Networks Through Support Vector Machines: A Comprehensive Study,2023,Journal of Robotics and Control (JRC),https://doi.org/10.18196/jrc.v4i6.20216,Addresses continual robot learning or a neighboring robotics mechanism.,"Prior work usually predicts, ranks, filters, or imitates observed behavior rather than preserving unrealized branches.",The observed outcome is enough to supervise the model.,"Contact mode support, embodiment limits, and deployment perturbations.","Branch collapse, hidden-mode shift, and tail-risk planning failures.",Generic world models and generic uncertainty are crowded.,Robot skill half life under shift keeps action-critical alternatives explicit until a physical observation collapses them.
97,doi:10.20517/ir.2025.11,Digital twins to embodied artificial intelligence: review and perspective,2025,Intelligence & Robotics,https://doi.org/10.20517/ir.2025.11,Addresses continual robot learning or a neighboring robotics mechanism.,"Prior work usually predicts, ranks, filters, or imitates observed behavior rather than preserving unrealized branches.",The observed outcome is enough to supervise the model.,"Contact mode support, embodiment limits, and deployment perturbations.","Branch collapse, hidden-mode shift, and tail-risk planning failures.",Generic world models and generic uncertainty are crowded.,Robot skill half life under shift keeps action-critical alternatives explicit until a physical observation collapses them.
98,arxiv:2507.11773v1,Small Data Explainer -- The impact of small data methods in everyday life,2025,arXiv,http://arxiv.org/abs/2507.11773v1,Addresses continual robot learning or a neighboring robotics mechanism.,"Prior work usually predicts, ranks, filters, or imitates observed behavior rather than preserving unrealized branches.",The observed outcome is enough to supervise the model.,"Contact mode support, embodiment limits, and deployment perturbations.","Branch collapse, hidden-mode shift, and tail-risk planning failures.",Generic world models and generic uncertainty are crowded.,Robot skill half life under shift keeps action-critical alternatives explicit until a physical observation collapses them.
99,arxiv:2605.21242v1,"To Select or not to Select, that is the Question: Distilling Robot Skill Prediction into a Small Ensemble",2026,arXiv,http://arxiv.org/abs/2605.21242v1,Addresses continual robot learning or a neighboring robotics mechanism.,"Prior work usually predicts, ranks, filters, or imitates observed behavior rather than preserving unrealized branches.",The observed outcome is enough to supervise the model.,"Contact mode support, embodiment limits, and deployment perturbations.","Branch collapse, hidden-mode shift, and tail-risk planning failures.",Generic world models and generic uncertainty are crowded.,Robot skill half life under shift keeps action-critical alternatives explicit until a physical observation collapses them.
100,arxiv:2603.06987v1,Foundational World Models Accurately Detect Bimanual Manipulator Failures,2026,arXiv,http://arxiv.org/abs/2603.06987v1,Addresses continual robot learning or a neighboring robotics mechanism.,"Prior work usually predicts, ranks, filters, or imitates observed behavior rather than preserving unrealized branches.",The observed outcome is enough to supervise the model.,"Contact mode support, embodiment limits, and deployment perturbations.","Branch collapse, hidden-mode shift, and tail-risk planning failures.",Generic world models and generic uncertainty are crowded.,Robot skill half life under shift keeps action-critical alternatives explicit until a physical observation collapses them.
